Dataset,Model,SamplingMethod,RequestedIntensity,AveragePrecision_mean,AveragePrecision_std,AveragePrecision_count,BrierScore_mean,BrierScore_std,BrierScore_count
Heart Failure,LightGBM,ADASYN,0.5,0.8307952121064851,0.09239218659321528,50,0.13189514364276417,0.046284453274770404,50
Heart Failure,LightGBM,ADASYN,0.75,0.8303709209301573,0.0920185913126159,50,0.13753420770217656,0.053559627805162005,50
Heart Failure,LightGBM,ADASYN,1.0,0.8324524320488975,0.09395246468555239,50,0.13625011433303708,0.05137776163966028,50
Heart Failure,LightGBM,Baseline,,0.837993655398028,0.0913343189849049,50,0.12536868149186514,0.044722159905406574,50
Heart Failure,LightGBM,SMOTE,0.25,0.8351106467696117,0.09808490888959902,50,0.13025411541470516,0.052641907062851385,50
Heart Failure,LightGBM,SMOTE,0.5,0.8439923518041479,0.0886115847227867,50,0.12846649594124218,0.05003888084266622,50
Heart Failure,LightGBM,SMOTE,0.75,0.8282198696159088,0.09166581839642231,50,0.1356747300891339,0.05195830034239557,50
Heart Failure,LightGBM,SMOTE,1.0,0.8426372870046436,0.09759682507728008,50,0.1320793565628943,0.051524967777094116,50
Heart Failure,Logistic Regression,ADASYN,0.5,0.8011889274117098,0.10941988901158946,50,0.14112697389594162,0.041684035641646654,50
Heart Failure,Logistic Regression,ADASYN,0.75,0.7983860880247283,0.11238162692779446,50,0.14343974472629853,0.04263645369267238,50
Heart Failure,Logistic Regression,ADASYN,1.0,0.7989123852171055,0.10910117789337226,50,0.14643513821998308,0.044061139840816936,50
Heart Failure,Logistic Regression,Baseline,,0.801158712838091,0.10726306343764402,50,0.1325252696444462,0.03709787437182606,50
Heart Failure,Logistic Regression,SMOTE,0.25,0.800891391190874,0.1106373424317723,50,0.13481163456020623,0.03940394923089363,50
Heart Failure,Logistic Regression,SMOTE,0.5,0.7987955521652386,0.10680642478986362,50,0.1384595514549899,0.04002791617658085,50
Heart Failure,Logistic Regression,SMOTE,0.75,0.7981315221841784,0.10465982112484024,50,0.14262780010497586,0.04110362724335604,50
Heart Failure,Logistic Regression,SMOTE,1.0,0.8005515200896264,0.10540974803136086,50,0.1445517486245262,0.0431133020541514,50
Heart Failure,MLP,ADASYN,0.5,0.702265464369408,0.11464568238326375,50,0.2150735265437959,0.05933054696793578,50
Heart Failure,MLP,ADASYN,0.75,0.6984397046356383,0.1141193098256537,50,0.219111423165958,0.058236152367041785,50
Heart Failure,MLP,ADASYN,1.0,0.6887927247366893,0.1247029800676426,50,0.22032483777878892,0.060840111143990114,50
Heart Failure,MLP,Baseline,,0.6974796522609705,0.11215466257071867,50,0.21316828332466106,0.05881945563919592,50
Heart Failure,MLP,SMOTE,0.25,0.693818473117256,0.11191354866839798,50,0.2113490739024023,0.05978468102461264,50
Heart Failure,MLP,SMOTE,0.5,0.6951326554227388,0.10845210258301771,50,0.21603078831185235,0.059620947469783275,50
Heart Failure,MLP,SMOTE,0.75,0.695616221105746,0.11407329275043464,50,0.21734707524998892,0.057137493863656574,50
Heart Failure,MLP,SMOTE,1.0,0.6925186480298298,0.11412954336934623,50,0.22069286985989922,0.05679752516442514,50
Heart Failure,Random Forest,ADASYN,0.5,0.8412549920127185,0.09075112403522212,50,0.11602399335887607,0.028012980328906287,50
Heart Failure,Random Forest,ADASYN,0.75,0.8396928292696869,0.0946970348016526,50,0.11563375197956573,0.027997195159608548,50
Heart Failure,Random Forest,ADASYN,1.0,0.8329455540388977,0.09977902275442467,50,0.11631331673052359,0.02757378565213425,50
Heart Failure,Random Forest,Baseline,,0.8399561895818279,0.09289800984637506,50,0.11453682196679434,0.028267012231024992,50
Heart Failure,Random Forest,SMOTE,0.25,0.8381691650089158,0.09682164866469463,50,0.11467170600255423,0.028212453339521566,50
Heart Failure,Random Forest,SMOTE,0.5,0.8400287816848053,0.09200975264637798,50,0.11391509144316726,0.028138585040942073,50
Heart Failure,Random Forest,SMOTE,0.75,0.8347499999399436,0.0967157686205609,50,0.11582128224776497,0.027993879974259606,50
Heart Failure,Random Forest,SMOTE,1.0,0.83335214360869,0.09930090805862288,50,0.11565798620689652,0.027447573150605607,50
Heart Failure,XGBoost,ADASYN,0.5,0.8329766990437909,0.0944584766808144,50,0.1207300646068505,0.043091894037793725,50
Heart Failure,XGBoost,ADASYN,0.75,0.8378432655083325,0.08803340520061456,50,0.12167832123719283,0.04298605169614744,50
Heart Failure,XGBoost,ADASYN,1.0,0.831731535048859,0.0966377407665027,50,0.12306145206203503,0.04533357115580085,50
Heart Failure,XGBoost,Baseline,,0.8400383726178035,0.08851781293533875,50,0.11888854684946779,0.040953804972269796,50
Heart Failure,XGBoost,SMOTE,0.25,0.8369626996696072,0.09327571524302058,50,0.11993731640756676,0.04402668641952776,50
Heart Failure,XGBoost,SMOTE,0.5,0.8417520892786754,0.09315336248099841,50,0.11914528485276105,0.04385523003404918,50
Heart Failure,XGBoost,SMOTE,0.75,0.8354833381098278,0.093178068105825,50,0.12074993474177206,0.04300541910346512,50
Heart Failure,XGBoost,SMOTE,1.0,0.8415834439538898,0.09159833100041198,50,0.1213815773961878,0.045209430309597454,50
PIMA,LightGBM,ADASYN,0.5,0.6809870010984977,0.06748906488610062,50,0.1997064697450197,0.03486682706537742,50
PIMA,LightGBM,ADASYN,0.75,0.6780185733647665,0.0716477208969642,50,0.2009651098636363,0.03542680618383232,50
PIMA,LightGBM,ADASYN,1.0,0.6749028887246699,0.07038386906659458,50,0.20151312139232813,0.038069703639811485,50
PIMA,LightGBM,Baseline,,0.6849090608955711,0.07284905965247081,50,0.19559115562391913,0.0343119216162052,50
PIMA,LightGBM,SMOTE,0.25,0.6883716721878528,0.07181443095885541,50,0.19462346224295704,0.034356872165923494,50
PIMA,LightGBM,SMOTE,0.5,0.6950534448959612,0.07064422349764822,50,0.19670522640491434,0.03589986298177209,50
PIMA,LightGBM,SMOTE,0.75,0.6904834576478107,0.07239926319688518,50,0.20008334759750887,0.03747362380653297,50
PIMA,LightGBM,SMOTE,1.0,0.6886746625540495,0.07224979341793193,50,0.19754591273720262,0.0365681933455582,50
PIMA,Logistic Regression,ADASYN,0.5,0.7308872757221782,0.07224005859206417,50,0.1606443878950217,0.02022303770815418,50
PIMA,Logistic Regression,ADASYN,0.75,0.733028215155822,0.07165738536451664,50,0.16473259316706274,0.02131270732499839,50
PIMA,Logistic Regression,ADASYN,1.0,0.7319659482118368,0.07185539671212882,50,0.1711984377462928,0.02097717543376875,50
PIMA,Logistic Regression,Baseline,,0.7312270735071668,0.07352845402237647,50,0.1561848573838479,0.02063195298048896,50
PIMA,Logistic Regression,SMOTE,0.25,0.7307010522581304,0.07075318324621997,50,0.15671448414101247,0.020853717871736167,50
PIMA,Logistic Regression,SMOTE,0.5,0.7316674909852587,0.0712433698627301,50,0.1588898591044208,0.021406332978717288,50
PIMA,Logistic Regression,SMOTE,0.75,0.7311722795843957,0.06976266819107145,50,0.16257180600629229,0.02113313996453677,50
PIMA,Logistic Regression,SMOTE,1.0,0.7317314348891901,0.07063465628766903,50,0.16593895817401794,0.021821151280086167,50
PIMA,MLP,ADASYN,0.5,0.6349382827210617,0.08479840599602992,50,0.25268500054308407,0.036677236328349766,50
PIMA,MLP,ADASYN,0.75,0.6421868580444169,0.08126539633312754,50,0.25113453573149846,0.034985202323470264,50
PIMA,MLP,ADASYN,1.0,0.6394212055595505,0.0843151262063439,50,0.2552600119813783,0.03361760732650614,50
PIMA,MLP,Baseline,,0.6474018876151441,0.08866557523583925,50,0.24511334991854802,0.0340597470581488,50
PIMA,MLP,SMOTE,0.25,0.6396648367660034,0.08550231928941708,50,0.2529715183526764,0.03526606294127913,50
PIMA,MLP,SMOTE,0.5,0.6407097699241967,0.08218322694305205,50,0.25381858330358276,0.038158179911566135,50
PIMA,MLP,SMOTE,0.75,0.6430065489153138,0.07938645289222873,50,0.25093623812200827,0.037851754192505034,50
PIMA,MLP,SMOTE,1.0,0.6452719258475774,0.08412579198913038,50,0.25254621911593633,0.03462270970017639,50
PIMA,Random Forest,ADASYN,0.5,0.7153969579708316,0.06441452937611546,50,0.16079865455304926,0.020783607086367836,50
PIMA,Random Forest,ADASYN,0.75,0.7094407354055741,0.06926702854792594,50,0.16311335140882505,0.021929152946104563,50
PIMA,Random Forest,ADASYN,1.0,0.7021027116633545,0.06730691170537899,50,0.16509187597782332,0.02157452557032946,50
PIMA,Random Forest,Baseline,,0.7247186271531183,0.06792589658249432,50,0.15827573350041768,0.01998066931294627,50
PIMA,Random Forest,SMOTE,0.25,0.719566252899319,0.07153091566778894,50,0.15908726103136625,0.021415700881957527,50
PIMA,Random Forest,SMOTE,0.5,0.7212043578060703,0.06441584867012319,50,0.15938867016024905,0.022063246539439085,50
PIMA,Random Forest,SMOTE,0.75,0.7138147041412098,0.06443347832295097,50,0.1621675755677071,0.021811896385275264,50
PIMA,Random Forest,SMOTE,1.0,0.7127373531774698,0.0665983233630721,50,0.16230652817650185,0.02219170702981155,50
PIMA,XGBoost,ADASYN,0.5,0.7046287459000478,0.07139752212466324,50,0.17193372474269542,0.02824387656744268,50
PIMA,XGBoost,ADASYN,0.75,0.7047320113424721,0.06920877006155042,50,0.17319818802513823,0.027308617978400167,50
PIMA,XGBoost,ADASYN,1.0,0.7062150500166744,0.07121674694694337,50,0.17426439638644273,0.028266529852258183,50
PIMA,XGBoost,Baseline,,0.7101693480729545,0.07581791028146462,50,0.168152554739671,0.026520235216454132,50
PIMA,XGBoost,SMOTE,0.25,0.7140190534202755,0.07250493138156293,50,0.1689575639380133,0.027697467944183048,50
PIMA,XGBoost,SMOTE,0.5,0.7139212166823387,0.07113953927837566,50,0.1698497788291476,0.028022871951449726,50
PIMA,XGBoost,SMOTE,0.75,0.7056475670788828,0.06979642764278081,50,0.17337297838581556,0.028791228357988505,50
PIMA,XGBoost,SMOTE,1.0,0.7090462879456919,0.06700018977023826,50,0.17423439771156918,0.02740630236722585,50
Thoracic Surgery,LightGBM,ADASYN,0.5,0.2984084378993337,0.10598437063518969,50,0.15630291163236654,0.02912128904084873,50
Thoracic Surgery,LightGBM,ADASYN,0.75,0.2851305540814032,0.09350499640526443,50,0.16121292816803826,0.028206855833586907,50
Thoracic Surgery,LightGBM,ADASYN,1.0,0.2780693643201241,0.09443225069981599,50,0.1658247820651117,0.02887133332984419,50
Thoracic Surgery,LightGBM,Baseline,,0.2784918342111663,0.1058489952495307,50,0.14720045285681777,0.022080183128138097,50
Thoracic Surgery,LightGBM,SMOTE,0.25,0.2814808775788945,0.09454843702676953,50,0.15304927884701322,0.024775834832487423,50
Thoracic Surgery,LightGBM,SMOTE,0.5,0.2820074536808415,0.10100485765926075,50,0.15619062279294227,0.027909273948617717,50
Thoracic Surgery,LightGBM,SMOTE,0.75,0.29323779506678543,0.10149193008462067,50,0.15826089946842425,0.02777147164462474,50
Thoracic Surgery,LightGBM,SMOTE,1.0,0.2906650710933013,0.09994703903237155,50,0.16136542410092067,0.028404270572286176,50
Thoracic Surgery,Logistic Regression,ADASYN,0.5,0.30477147552815964,0.09891082201061134,50,0.17496857828841716,0.02525995863751519,50
Thoracic Surgery,Logistic Regression,ADASYN,0.75,0.306201720705415,0.10396945205612776,50,0.2017521095369587,0.028659611022365746,50
Thoracic Surgery,Logistic Regression,ADASYN,1.0,0.30600658793465496,0.10284389124904232,50,0.235914075933145,0.03143394851530338,50
Thoracic Surgery,Logistic Regression,Baseline,,0.3138141667684497,0.1013058039029783,50,0.12652444049515288,0.012731313908267452,50
Thoracic Surgery,Logistic Regression,SMOTE,0.25,0.3008777778902918,0.1091149631759639,50,0.1474683937399877,0.021186991926624883,50
Thoracic Surgery,Logistic Regression,SMOTE,0.5,0.3071195223964585,0.1064056668602338,50,0.17551022286229181,0.02566654331725915,50
Thoracic Surgery,Logistic Regression,SMOTE,0.75,0.30897267856125094,0.1063551478834993,50,0.20427405726976888,0.030391063602986348,50
Thoracic Surgery,Logistic Regression,SMOTE,1.0,0.32457856080203906,0.12057353258906667,50,0.22924266866660367,0.03238893943291632,50
Thoracic Surgery,MLP,ADASYN,0.5,0.230933282926517,0.07178296907234238,50,0.2194462800035934,0.040167391778723284,50
Thoracic Surgery,MLP,ADASYN,0.75,0.2373287945374814,0.08819517004719667,50,0.21899847502895345,0.04500856255580362,50
Thoracic Surgery,MLP,ADASYN,1.0,0.24282309047801243,0.08682875021652843,50,0.21945992972394354,0.04614138943299598,50
Thoracic Surgery,MLP,Baseline,,0.2380553014043443,0.08809705300810708,50,0.17119857026492216,0.031079010745313662,50
Thoracic Surgery,MLP,SMOTE,0.25,0.23104925365835757,0.07587420803099905,50,0.2030349296166176,0.03670878844158422,50
Thoracic Surgery,MLP,SMOTE,0.5,0.2304089593047136,0.0789689960322562,50,0.21241940855001412,0.0434365243592234,50
Thoracic Surgery,MLP,SMOTE,0.75,0.23521125358176878,0.07323074028373106,50,0.21145100956253152,0.04145774101094771,50
Thoracic Surgery,MLP,SMOTE,1.0,0.2438879684750254,0.08041488463491904,50,0.21858092559599196,0.043342832591863244,50
Thoracic Surgery,Random Forest,ADASYN,0.5,0.29335807613698894,0.10238842233647955,50,0.13490878486997632,0.016597158274800475,50
Thoracic Surgery,Random Forest,ADASYN,0.75,0.2993466041870505,0.10724148995782934,50,0.13831216075650116,0.018097341802527662,50
Thoracic Surgery,Random Forest,ADASYN,1.0,0.29132239308111674,0.10187398656489743,50,0.14207489361702125,0.01883214140805697,50
Thoracic Surgery,Random Forest,Baseline,,0.3097757754883322,0.10593251448198858,50,0.125285134751773,0.01202066537980299,50
Thoracic Surgery,Random Forest,SMOTE,0.25,0.29764495580373995,0.09503010287486056,50,0.13001439716312052,0.013793350206839493,50
Thoracic Surgery,Random Forest,SMOTE,0.5,0.29699624488795473,0.10771752964447856,50,0.13497017021276592,0.017703777372312553,50
Thoracic Surgery,Random Forest,SMOTE,0.75,0.30535063334617907,0.10508043029978384,50,0.13771355082742312,0.018009440315414738,50
Thoracic Surgery,Random Forest,SMOTE,1.0,0.28808295463553185,0.09913222448701332,50,0.14261015602836877,0.018419063364407507,50
Thoracic Surgery,XGBoost,ADASYN,0.5,0.26955408825514376,0.09128277749673787,50,0.1473545289224508,0.022867193966836858,50
Thoracic Surgery,XGBoost,ADASYN,0.75,0.26845375269414257,0.08885816228162276,50,0.15036876129145407,0.02372377216073642,50
Thoracic Surgery,XGBoost,ADASYN,1.0,0.2656032551338556,0.09746155653365705,50,0.1569945526653115,0.02694366181188223,50
Thoracic Surgery,XGBoost,Baseline,,0.28386772244902464,0.10829060555866414,50,0.136957494360358,0.01832908786821278,50
Thoracic Surgery,XGBoost,SMOTE,0.25,0.2716736660579065,0.09052161929008089,50,0.14389187346009732,0.02060038308226017,50
Thoracic Surgery,XGBoost,SMOTE,0.5,0.2783975943525198,0.10007059099673767,50,0.14688205405256669,0.02312755748534652,50
Thoracic Surgery,XGBoost,SMOTE,0.75,0.269413289268976,0.09812646289137912,50,0.1514559050394212,0.024990949024459336,50
Thoracic Surgery,XGBoost,SMOTE,1.0,0.27146523868920913,0.09569552378247735,50,0.15446247451043205,0.023664816852201315,50
