RepoPath,SourceInRevisionArchive,DataRows,Columns,Note
results/pima/summary_360_configurations.csv,revision_v2/main/pima/04_configuration_summary.csv,360,30,authoritative revision_v2 output
results/heart_failure/summary_360_configurations.csv,revision_v2/main/heart_failure/04_configuration_summary.csv,360,30,authoritative revision_v2 output
results/thoracic_surgery/summary_360_configurations.csv,revision_v2/main/thoracic_surgery/04_configuration_summary.csv,360,30,authoritative revision_v2 output
results/statistics/key_results_summary.csv,revision_v2/statistics/key_results_summary.csv,9,8,authoritative revision_v2 output
results/statistics/mixed_effects_interaction_omnibus.csv,revision_v2/statistics/mixed_effects_interaction_omnibus.csv,1,8,authoritative revision_v2 output
results/statistics/mixed_effects_intensity_threshold_terms.csv,revision_v2/statistics/mixed_effects_intensity_threshold_terms.csv,34,7,authoritative revision_v2 output
results/statistics/smote_adasyn_global_matched_inference.csv,revision_v2/statistics/smote_adasyn_global_matched_inference.csv,1,14,authoritative revision_v2 output
results/statistics/smote_adasyn_dataset_supporting_summaries.csv,revision_v2/statistics/smote_adasyn_dataset_supporting_summaries.csv,3,11,authoritative revision_v2 output
results/statistics/smote_alpha025_low_intensity_sensitivity_summary.csv,revision_v2/statistics/smote_alpha025_low_intensity_sensitivity_summary.csv,4,7,authoritative revision_v2 output
results/statistics/transferability_rank_consistency.csv,revision_v2/statistics/transferability_rank_consistency.csv,3,8,authoritative revision_v2 output
results/statistics/transferability_common_grid_factor_classifier.csv,revision_v2/statistics/transferability_common_grid_factor_classifier.csv,15,6,authoritative revision_v2 output
results/statistics/transferability_common_grid_factor_sampling_method.csv,revision_v2/statistics/transferability_common_grid_factor_sampling_method.csv,6,6,authoritative revision_v2 output
results/statistics/transferability_common_grid_factor_intensity.csv,revision_v2/statistics/transferability_common_grid_factor_intensity.csv,9,6,authoritative revision_v2 output
results/statistics/transferability_common_grid_factor_threshold.csv,revision_v2/statistics/transferability_common_grid_factor_threshold.csv,27,6,authoritative revision_v2 output
results/statistics/thoracic_f1_threshold_curve_data.csv,revision_v2/statistics/thoracic_f1_threshold_curve_data.csv,36,5,authoritative revision_v2 output
results/calibration/main_ap_brier_summary.csv,revision_v2/calibration/main_ap_brier_summary.csv,120,10,authoritative revision_v2 output
results/robustness/smotenc_vs_smote_summary.csv,revision_v2/smotenc_robustness/smotenc_vs_smote_summary.csv,40,7,authoritative revision_v2 output
results/robustness/fixed_vs_tuned_robustness_summary.csv,revision_v2/hyperparameter_robustness/fixed_vs_tuned_robustness_summary.csv,48,8,authoritative revision_v2 output
results/supplementary/adasyn_low_intensity_feasibility.csv,revision_v2/supplementary/adasyn_low_intensity_feasibility.csv,150,13,authoritative revision_v2 output
results/combined_summary_1080_configurations.csv,constructed from 3 x 04_configuration_summary.csv,1080,30,convenience combined table
