Dataset,Model,SamplingMethod,RequestedIntensity,MeanDifference,MedianDifference,SDDifference,N
Heart Failure,Random Forest,ADASYN,0.5,0.0022991707742994125,0.0,0.0549077527576015,450
Heart Failure,Random Forest,ADASYN,0.75,0.0012608383771509617,0.0,0.045574767135990214,450
Heart Failure,Random Forest,ADASYN,1.0,0.0049604893260178085,0.0,0.05007246581387883,450
Heart Failure,Random Forest,Baseline,,-0.006798541679243432,0.0,0.06159070957041063,450
Heart Failure,Random Forest,SMOTE,0.25,-0.002131452591918337,0.0,0.05458653259105156,450
Heart Failure,Random Forest,SMOTE,0.5,-0.003068745286845885,0.0,0.05250141337195761,450
Heart Failure,Random Forest,SMOTE,0.75,0.006539805669880003,0.0,0.049642905868761474,450
Heart Failure,Random Forest,SMOTE,1.0,0.0035948524790495426,0.0,0.050376366229363354,450
Heart Failure,XGBoost,ADASYN,0.5,-0.014799053655253835,0.0,0.0668476571179612,450
Heart Failure,XGBoost,ADASYN,0.75,-0.011058073976447142,0.0,0.060554105649187534,450
Heart Failure,XGBoost,ADASYN,1.0,-0.01104544236395839,0.0,0.06283983130224159,450
Heart Failure,XGBoost,Baseline,,-0.009376993909905472,0.0,0.07099214895856865,450
Heart Failure,XGBoost,SMOTE,0.25,-0.014228606998212597,0.0,0.060475943133340364,450
Heart Failure,XGBoost,SMOTE,0.5,-0.011486017446179574,0.0,0.05501904965451924,450
Heart Failure,XGBoost,SMOTE,0.75,-0.012101042658674163,0.0,0.05233749656898744,450
Heart Failure,XGBoost,SMOTE,1.0,-0.0009388628844664516,0.0,0.05781435414153402,450
PIMA,Random Forest,ADASYN,0.5,-0.003569646987779779,0.0,0.04944133701690028,450
PIMA,Random Forest,ADASYN,0.75,0.007103562281290648,0.0049619659539899,0.04197808819527314,450
PIMA,Random Forest,ADASYN,1.0,0.013564946813877259,0.007442487337753156,0.04320610264851536,450
PIMA,Random Forest,Baseline,,-0.003314760951972129,0.0,0.03870298474968119,450
PIMA,Random Forest,SMOTE,0.25,-0.001890161694966968,0.0,0.041408591186526296,450
PIMA,Random Forest,SMOTE,0.5,-0.00025209574780584067,0.0,0.044718356225050514,450
PIMA,Random Forest,SMOTE,0.75,0.009162888571197179,0.007261427095995865,0.04489417533880897,450
PIMA,Random Forest,SMOTE,1.0,0.013064116501116125,0.009877085162423194,0.04623781328380853,450
PIMA,XGBoost,ADASYN,0.5,0.0001424206323289909,2.7755575615628914e-17,0.06141517778940198,450
PIMA,XGBoost,ADASYN,0.75,0.012689567333749896,0.014013893083660522,0.05219466584927881,450
PIMA,XGBoost,ADASYN,1.0,0.010855231152891906,0.008752631703451363,0.05202150335099461,450
PIMA,XGBoost,Baseline,,0.0013884892874545145,0.0,0.050049065120734634,450
PIMA,XGBoost,SMOTE,0.25,-0.0012052039735365389,0.0,0.047819896506764985,450
PIMA,XGBoost,SMOTE,0.5,0.0046931749045087835,0.007575757575757569,0.05383062582520989,450
PIMA,XGBoost,SMOTE,0.75,0.008715110132163686,0.008714604606180565,0.052420110378789776,450
PIMA,XGBoost,SMOTE,1.0,0.0168085300879889,0.017617543433201377,0.05198655043405351,450
Thoracic Surgery,Random Forest,ADASYN,0.5,-0.01861704559032597,0.0,0.09034938802172811,450
Thoracic Surgery,Random Forest,ADASYN,0.75,-0.013720812611378532,0.0,0.11462961888104997,450
Thoracic Surgery,Random Forest,ADASYN,1.0,0.011083673304372604,0.0,0.12913020998049166,450
Thoracic Surgery,Random Forest,Baseline,,-0.008971492846105844,0.0,0.056337664050793886,450
Thoracic Surgery,Random Forest,SMOTE,0.25,-0.02343372081039779,0.0,0.08527297160784697,450
Thoracic Surgery,Random Forest,SMOTE,0.5,-0.0006098759643017335,0.0,0.07182759019949109,450
Thoracic Surgery,Random Forest,SMOTE,0.75,-0.008259812973438066,0.0,0.12262212870052269,450
Thoracic Surgery,Random Forest,SMOTE,1.0,0.01947801135916229,0.0,0.1251198935183588,450
Thoracic Surgery,XGBoost,ADASYN,0.5,0.02217125331573217,0.0,0.109315822000674,450
Thoracic Surgery,XGBoost,ADASYN,0.75,0.0028774524809091506,0.0,0.12135426322240699,450
Thoracic Surgery,XGBoost,ADASYN,1.0,-0.016440971237507866,0.0,0.10834630761273484,450
Thoracic Surgery,XGBoost,Baseline,,0.011744911568956984,0.0,0.09386326839778905,450
Thoracic Surgery,XGBoost,SMOTE,0.25,0.0033953028968508937,0.0,0.10183914985662178,450
Thoracic Surgery,XGBoost,SMOTE,0.5,-0.001739460678181396,0.0,0.10291405288859619,450
Thoracic Surgery,XGBoost,SMOTE,0.75,-0.0037320075599226897,0.0,0.11041014242582255,450
Thoracic Surgery,XGBoost,SMOTE,1.0,0.00490141458664292,0.0,0.11388807021020708,450
