Dataset,Model,RequestedIntensity,MeanDifference,MedianDifference,SDDifference,N
Heart Failure,LightGBM,0.25,0.0031805100511296982,0.0,0.05745713544421618,450
Heart Failure,LightGBM,0.5,-0.0011320215300338276,0.0,0.0598953350364543,450
Heart Failure,LightGBM,0.75,-0.010632503752560292,0.0,0.062455832743176946,450
Heart Failure,LightGBM,1.0,-0.005229829536079815,0.0,0.06157033753409982,450
Heart Failure,Logistic Regression,0.25,-0.0005986827001607527,0.0,0.037370603904521925,450
Heart Failure,Logistic Regression,0.5,-0.003970852321943081,0.0,0.03882719088837667,450
Heart Failure,Logistic Regression,0.75,-0.003471077805849633,0.0,0.03939723091481535,450
Heart Failure,Logistic Regression,1.0,-0.004483253981225368,0.0,0.04278008090650864,450
Heart Failure,MLP,0.25,0.014488936577050724,5.551115123125783e-17,0.09421852352811681,450
Heart Failure,MLP,0.5,0.019711103865996858,0.02506265664160401,0.08237732635658213,450
Heart Failure,MLP,0.75,0.04208271577744814,0.03921568627450989,0.0832397921381527,450
Heart Failure,MLP,1.0,0.026698035186306368,0.033333333333333326,0.08527275054178819,450
Heart Failure,Random Forest,0.25,-0.0054654220047573405,0.0,0.0583240072478155,450
Heart Failure,Random Forest,0.5,-0.0070489156827351,0.0,0.05863567520001898,450
Heart Failure,Random Forest,0.75,-0.00035232901252440374,0.0,0.058995954740693926,450
Heart Failure,Random Forest,1.0,-0.0027260201945339805,0.0,0.054870126501216684,450
Heart Failure,XGBoost,0.25,0.00021350218093611398,0.0,0.05098024211142573,450
Heart Failure,XGBoost,0.5,-0.00264923964425916,0.0,0.05161282910904137,450
Heart Failure,XGBoost,0.75,-0.002221292215409861,0.0,0.04956358031559835,450
Heart Failure,XGBoost,1.0,-0.001596639617802929,0.0,0.0532839894900585,450
Thoracic Surgery,LightGBM,0.25,0.01965970372936318,0.0,0.1404783271410257,450
Thoracic Surgery,LightGBM,0.5,0.020822829935586266,0.0,0.13424932158915767,450
Thoracic Surgery,LightGBM,0.75,0.012965730350075502,0.0,0.16425875423124725,450
Thoracic Surgery,LightGBM,1.0,0.018316607813166366,0.0,0.1639638529973133,450
Thoracic Surgery,Logistic Regression,0.25,-0.04851850048134205,0.0,0.13047730766492163,450
Thoracic Surgery,Logistic Regression,0.5,-0.0660746798710551,-0.049345886267392614,0.14218363383362742,450
Thoracic Surgery,Logistic Regression,0.75,-0.07392730059526975,-0.07683284457478004,0.12882516458747967,450
Thoracic Surgery,Logistic Regression,1.0,-0.07622924418460239,-0.07248188405797101,0.13110306870847946,450
Thoracic Surgery,MLP,0.25,0.008262203150012212,0.0,0.14009325643854487,450
Thoracic Surgery,MLP,0.5,0.01670809863778113,0.0,0.16521771915558786,450
Thoracic Surgery,MLP,0.75,0.004867525464137857,0.0,0.15122223754165637,450
Thoracic Surgery,MLP,1.0,-0.011640757117902065,0.0,0.1598628457911056,450
Thoracic Surgery,Random Forest,0.25,0.033392390224951815,0.0,0.11842322231317559,450
Thoracic Surgery,Random Forest,0.5,0.03636910993144838,0.0,0.14014590189057538,450
Thoracic Surgery,Random Forest,0.75,0.02507800146196839,0.0,0.1438735511853285,450
Thoracic Surgery,Random Forest,1.0,0.03026053570947289,0.0,0.13925593389259763,450
Thoracic Surgery,XGBoost,0.25,0.04459506135436051,0.0,0.13439647486377118,450
Thoracic Surgery,XGBoost,0.5,0.020126109818838032,0.0,0.14387369569050662,450
Thoracic Surgery,XGBoost,0.75,0.03130057816922657,0.0,0.14780484068573788,450
Thoracic Surgery,XGBoost,1.0,0.026605994693694304,0.0,0.13637120286460597,450
