Term,Estimate,StdError,Z,PValue,CI95_Lower,CI95_Upper
Intercept,0.7459503625804196,0.010086228543094494,73.95731312187371,0.0,0.7261817178961145,0.7657190072647246
C(Dataset)[T.PIMA],-0.06934431742070679,0.013602140897431666,-5.098044340490567,3.43180444301797e-07,-0.09600402369231219,-0.042684611149101395
C(Dataset)[T.Thoracic Surgery],-0.5150973688586008,0.013602140897431666,-37.86884526066486,0.0,-0.5417570751302062,-0.4884376625869954
C(Model)[T.Logistic Regression],0.01761208353323849,0.0031264636025331023,5.633228392286078,1.768669757142424e-08,0.011484327473298257,0.02373983959317872
C(Model)[T.MLP],-0.06062947588922906,0.0031264636025331058,-19.392349823009674,8.955074036596874e-84,-0.0667572319491693,-0.05450171982928882
C(Model)[T.Random Forest],-0.017873345388415538,0.0031264636025331066,-5.7167930482012626,1.0855318773407051e-08,-0.024001101448355776,-0.0117455893284753
C(Model)[T.XGBoost],0.00011185327966826558,0.0031264636025331,0.03577629356620069,0.9714607359566766,-0.006015902780271962,0.0062396093396084925
C(SamplingMethod)[T.SMOTE],0.0008832372314694837,0.001977349201123977,0.44667741588963067,0.6551079903969055,-0.0029922959875925592,0.004758770450531527
C(RequestedIntensity)[T.0.75],-0.00039888379037563706,0.0032597478011464486,-0.12236645737911081,0.9026088019747351,-0.00678787207930631,0.005990104498555035
C(RequestedIntensity)[T.1.0],-0.0013423783544105792,0.0032597478011464507,-0.4118043592017965,0.680482826001973,-0.007731366643341256,0.005046609934520098
C(Threshold)[T.0.35],-0.0040405805682909674,0.0023143524577812808,-1.745879524402512,0.08083188852792762,-0.008576628033074032,0.0004954668964920984
C(Threshold)[T.0.4],-0.009215012490906426,0.0023143524577812816,-3.9816806899588038,6.842967056788227e-05,-0.013751059955689494,-0.004678965026123359
C(Threshold)[T.0.45],-0.016730076321916084,0.0023143524577812808,-7.228836846205717,4.871482460653948e-13,-0.021266123786699148,-0.012194028857133018
C(Threshold)[T.0.5],-0.025994415872900967,0.002314352457781281,-11.231831083248764,2.845202506768368e-29,-0.030530463337684034,-0.0214583684081179
C(Threshold)[T.0.55],-0.04064416073083264,0.002314352457781281,-17.56178519575938,4.833102920375461e-69,-0.04518020819561571,-0.036108113266049575
C(Threshold)[T.0.6],-0.058487225951681605,0.0023143524577812803,-25.27152930187308,6.569068055018198e-141,-0.06302327341646467,-0.05395117848689854
C(Threshold)[T.0.65],-0.07829207651425887,0.0023143524577812808,-33.82893398584405,7.407487300933898e-251,-0.08282812397904193,-0.07375602904947581
C(Threshold)[T.0.7],-0.0993217786911516,0.0023143524577812808,-42.91558027698565,0.0,-0.10385782615593465,-0.09478573122636853
C(RequestedIntensity)[T.0.75]:C(Threshold)[T.0.35],0.0013676703845493159,0.00327298863390577,0.41786591324554273,0.6760451558648719,-0.005047269459714946,0.007782610228813577
C(RequestedIntensity)[T.1.0]:C(Threshold)[T.0.35],0.0018506597465244112,0.003272988633905774,0.5654342112138511,0.5717784604152719,-0.004564280097739857,0.00826559959078868
C(RequestedIntensity)[T.0.75]:C(Threshold)[T.0.4],0.0025140729847619634,0.0032729886339057704,0.7681276246174534,0.44241136650130397,-0.003900866859502299,0.008929012829026226
C(RequestedIntensity)[T.1.0]:C(Threshold)[T.0.4],0.00529137593386253,0.003272988633905774,1.616680204461371,0.10594732909121754,-0.0011235639104017385,0.011706315778126797
C(RequestedIntensity)[T.0.75]:C(Threshold)[T.0.45],0.005359744942493405,0.0032729886339057696,1.6375690666843037,0.10151162030599856,-0.0010551949017708557,0.011774684786757666
C(RequestedIntensity)[T.1.0]:C(Threshold)[T.0.45],0.009513815401506703,0.0032729886339057735,2.9067670149998444,0.00365185079439442,0.0030988755572424346,0.015928755245770972
C(RequestedIntensity)[T.0.75]:C(Threshold)[T.0.5],0.0062061723292056665,0.0032729886339057696,1.8961790043858564,0.057936378482547596,-0.0002087675150585942,0.012621112173469926
C(RequestedIntensity)[T.1.0]:C(Threshold)[T.0.5],0.012328616331386091,0.003272988633905774,3.7667763962485608,0.0001653689866501145,0.005913676487121823,0.01874355617565036
C(RequestedIntensity)[T.0.75]:C(Threshold)[T.0.55],0.008008378969412524,0.0032729886339057696,2.4468092820279215,0.01441270814923933,0.0015934391251482636,0.014423318813676785
C(RequestedIntensity)[T.1.0]:C(Threshold)[T.0.55],0.017047889323186828,0.0032729886339057743,5.208661327626724,1.9020792945089317e-07,0.010632949478922559,0.0234628291674511
C(RequestedIntensity)[T.0.75]:C(Threshold)[T.0.6],0.011934732269247007,0.003272988633905769,3.6464325435205938,0.00026590623989417657,0.005519792424982747,0.018349672113511267
C(RequestedIntensity)[T.1.0]:C(Threshold)[T.0.6],0.02227941401343126,0.0032729886339057735,6.807055112453734,9.961677777933247e-12,0.015864474169166993,0.028694353857695528
C(RequestedIntensity)[T.0.75]:C(Threshold)[T.0.65],0.010865723468968034,0.00327298863390577,3.3198170492885555,0.000900764576699752,0.004450783624703772,0.017280663313232296
C(RequestedIntensity)[T.1.0]:C(Threshold)[T.0.65],0.02560400141723166,0.0032729886339057735,7.822820144253754,5.165287900360933e-15,0.019189061572967393,0.03201894126149593
C(RequestedIntensity)[T.0.75]:C(Threshold)[T.0.7],0.011434421249471,0.0032729886339057696,3.4935719394252565,0.00047660455302934003,0.005019481405206739,0.01784936109373526
C(RequestedIntensity)[T.1.0]:C(Threshold)[T.0.7],0.024269768553723724,0.003272988633905773,7.415170435456646,1.2146849661779992e-13,0.017854828709459456,0.03068470839798799
