CurveLabel,Threshold,MeanF1,SDF1,FoldObservations
Baseline RF,0.3,0.20845172457401556,0.12597927914133017,50
Baseline RF,0.35,0.1796979131979132,0.15810760170150728,50
Baseline RF,0.4,0.12676767676767675,0.1482385346105874,50
Baseline RF,0.45,0.05677777777777778,0.11181348297975739,50
Baseline RF,0.5,0.024444444444444446,0.07416283419824549,50
Baseline RF,0.55,0.014444444444444444,0.05784402272472571,50
Baseline RF,0.6,0.005,0.03535533905932737,50
Baseline RF,0.65,0.0,0.0,50
Baseline RF,0.7,0.0,0.0,50
SMOTE RF,0.3,0.3016269381670512,0.10788415451187656,50
SMOTE RF,0.35,0.27087170878656947,0.13244616707155082,50
SMOTE RF,0.4,0.237797718621248,0.14193819528629745,50
SMOTE RF,0.45,0.1839182418888301,0.1507587650564738,50
SMOTE RF,0.5,0.13608169608169607,0.14034984767388725,50
SMOTE RF,0.55,0.08745066045066045,0.12012558979035924,50
SMOTE RF,0.6,0.06988888888888889,0.11993893844117753,50
SMOTE RF,0.65,0.04733333333333333,0.10593522838389882,50
SMOTE RF,0.7,0.03777777777777778,0.0984510933807029,50
ADASYN RF,0.3,0.3098059530454738,0.12380051969907668,50
ADASYN RF,0.35,0.27991132603206903,0.1252368424730071,50
ADASYN RF,0.4,0.22682525867665185,0.1384130973683564,50
ADASYN RF,0.45,0.1942919335566394,0.15844051777719287,50
ADASYN RF,0.5,0.14166555666555666,0.1553903245012941,50
ADASYN RF,0.55,0.07449106449106449,0.1110506922161233,50
ADASYN RF,0.6,0.05668686868686868,0.09752387084451916,50
ADASYN RF,0.65,0.03688888888888889,0.08580066194572755,50
ADASYN RF,0.7,0.029444444444444447,0.08062687436419998,50
Best oversampled Logistic Regression,0.3,0.3259216509672019,0.06683371682313555,50
Best oversampled Logistic Regression,0.35,0.33750734536427074,0.0740724593554521,50
Best oversampled Logistic Regression,0.4,0.3285805669376726,0.09171382853008657,50
Best oversampled Logistic Regression,0.45,0.314670725698226,0.1305777938423754,50
Best oversampled Logistic Regression,0.5,0.2918301565995064,0.15439536489701705,50
Best oversampled Logistic Regression,0.55,0.2169114382349676,0.16941324091197607,50
Best oversampled Logistic Regression,0.6,0.15844499944499943,0.13553177523754753,50
Best oversampled Logistic Regression,0.65,0.1067180597180597,0.11641244947597237,50
Best oversampled Logistic Regression,0.7,0.08997591297591297,0.11013862232085787,50
