GridScope,Dataset,Model,MeanF1,SDF1,Observations
matched common SMOTE-ADASYN grid,Heart Failure,LightGBM,0.7417681292407037,0.10220144184918874,2700
matched common SMOTE-ADASYN grid,Heart Failure,Logistic Regression,0.6912670514434849,0.10807738512693281,2700
matched common SMOTE-ADASYN grid,Heart Failure,MLP,0.6071255585437703,0.1151219404408728,2700
matched common SMOTE-ADASYN grid,Heart Failure,Random Forest,0.7261402190763645,0.11181262965012581,2700
matched common SMOTE-ADASYN grid,Heart Failure,XGBoost,0.749700269982417,0.10147490515157535,2700
matched common SMOTE-ADASYN grid,PIMA,LightGBM,0.6431983019676876,0.07287600252612923,2700
matched common SMOTE-ADASYN grid,PIMA,Logistic Regression,0.6504651568049935,0.06619299734629952,2700
matched common SMOTE-ADASYN grid,PIMA,MLP,0.5934864984257144,0.059015044238923606,2700
matched common SMOTE-ADASYN grid,PIMA,Random Forest,0.6348302488540589,0.09223290914490001,2700
matched common SMOTE-ADASYN grid,PIMA,XGBoost,0.6472994351311823,0.07219109301140071,2700
matched common SMOTE-ADASYN grid,Thoracic Surgery,LightGBM,0.1766599501639921,0.15087154531916167,2700
matched common SMOTE-ADASYN grid,Thoracic Surgery,Logistic Regression,0.27273042372362305,0.1314687046343286,2700
matched common SMOTE-ADASYN grid,Thoracic Surgery,MLP,0.17912589673520932,0.12408151545836801,2700
matched common SMOTE-ADASYN grid,Thoracic Surgery,Random Forest,0.14703587727671272,0.1542533818681315,2700
matched common SMOTE-ADASYN grid,Thoracic Surgery,XGBoost,0.16496223609778668,0.1447719559936403,2700
