GridScope,Dataset,Threshold,MeanF1,SDF1,Observations
matched common SMOTE-ADASYN grid,Heart Failure,0.3,0.703246389958809,0.10583449882529111,1500
matched common SMOTE-ADASYN grid,Heart Failure,0.35,0.7058695918631638,0.108622727593148,1500
matched common SMOTE-ADASYN grid,Heart Failure,0.4,0.7088887832311681,0.11113232119932419,1500
matched common SMOTE-ADASYN grid,Heart Failure,0.45,0.7117382972489339,0.1149987031339178,1500
matched common SMOTE-ADASYN grid,Heart Failure,0.5,0.7129480386522935,0.11822564629868128,1500
matched common SMOTE-ADASYN grid,Heart Failure,0.55,0.7116864500716674,0.12044155209508013,1500
matched common SMOTE-ADASYN grid,Heart Failure,0.6,0.7043899092759491,0.1255452135222798,1500
matched common SMOTE-ADASYN grid,Heart Failure,0.65,0.6935665924306172,0.12948488801621216,1500
matched common SMOTE-ADASYN grid,Heart Failure,0.7,0.6764681581835303,0.13594246333656196,1500
matched common SMOTE-ADASYN grid,PIMA,0.3,0.6568914490310748,0.058792113872304236,1500
matched common SMOTE-ADASYN grid,PIMA,0.35,0.6574679297924433,0.06291625117685282,1500
matched common SMOTE-ADASYN grid,PIMA,0.4,0.6556555500964174,0.0662040123097013,1500
matched common SMOTE-ADASYN grid,PIMA,0.45,0.6533534237337555,0.06940304144845687,1500
matched common SMOTE-ADASYN grid,PIMA,0.5,0.6483265596002217,0.07140970124240752,1500
matched common SMOTE-ADASYN grid,PIMA,0.55,0.6384134213698016,0.07234329545213602,1500
matched common SMOTE-ADASYN grid,PIMA,0.6,0.6219277224425372,0.07233620570499893,1500
matched common SMOTE-ADASYN grid,PIMA,0.65,0.5995058089889607,0.07579330101498992,1500
matched common SMOTE-ADASYN grid,PIMA,0.7,0.5731614890753339,0.08503169820421086,1500
matched common SMOTE-ADASYN grid,Thoracic Surgery,0.3,0.2563878254933074,0.12436148655725603,1500
matched common SMOTE-ADASYN grid,Thoracic Surgery,0.35,0.24428473125378472,0.13064115425446102,1500
matched common SMOTE-ADASYN grid,Thoracic Surgery,0.4,0.23214174260151063,0.13624173292842506,1500
matched common SMOTE-ADASYN grid,Thoracic Surgery,0.45,0.21611727487875335,0.14462907211486015,1500
matched common SMOTE-ADASYN grid,Thoracic Surgery,0.5,0.19580260727256446,0.14628475656873163,1500
matched common SMOTE-ADASYN grid,Thoracic Surgery,0.55,0.1695495791418231,0.14687249470532757,1500
matched common SMOTE-ADASYN grid,Thoracic Surgery,0.6,0.14896050119233767,0.14739210334558359,1500
matched common SMOTE-ADASYN grid,Thoracic Surgery,0.65,0.1250467584070357,0.14187195191831098,1500
matched common SMOTE-ADASYN grid,Thoracic Surgery,0.7,0.104634870954066,0.1319684286871567,1500
