GridScope,Dataset,RequestedIntensity,MeanF1,SDF1,Observations
matched common SMOTE-ADASYN grid,Heart Failure,0.5,0.7040138211798863,0.12040070293427534,4500
matched common SMOTE-ADASYN grid,Heart Failure,0.75,0.7027611522086968,0.1195666960594263,4500
matched common SMOTE-ADASYN grid,Heart Failure,1.0,0.7028257635834609,0.11932825072116653,4500
matched common SMOTE-ADASYN grid,PIMA,0.5,0.6297022855407539,0.0798832423626699,4500
matched common SMOTE-ADASYN grid,PIMA,0.75,0.6334913070142992,0.07580357457565848,4500
matched common SMOTE-ADASYN grid,PIMA,1.0,0.638374192155129,0.07261874812061324,4500
matched common SMOTE-ADASYN grid,Thoracic Surgery,0.5,0.17364237752668898,0.148947065335897,4500
matched common SMOTE-ADASYN grid,Thoracic Surgery,0.75,0.18913967918591307,0.14875177759302202,4500
matched common SMOTE-ADASYN grid,Thoracic Surgery,1.0,0.20152657368579233,0.14547881186148454,4500
