Dataset,CombinationID,BaseConfigID,Model,SamplingMethod,OversamplingIntensity,Threshold,TrainNegativeBefore_Mean,TrainNegativeBefore_Std,TrainPositiveBefore_Mean,TrainPositiveBefore_Std,TargetPositiveCount_Mean,TargetPositiveCount_Std,TrainNegativeAfter_Mean,TrainNegativeAfter_Std,TrainPositiveAfter_Mean,TrainPositiveAfter_Std,ActualPositiveNegativeRatio_Mean,ActualPositiveNegativeRatio_Std,TestNegativeCount_Mean,TestNegativeCount_Std,TestPositiveCount_Mean,TestPositiveCount_Std,ConvergenceWarning_Mean,ConvergenceWarning_Std,Accuracy_Mean,Accuracy_Std,Precision_Mean,Precision_Std,Recall_Mean,Recall_Std,Sensitivity_Mean,Sensitivity_Std,Specificity_Mean,Specificity_Std,BalancedAccuracy_Mean,BalancedAccuracy_Std,F1Score_Mean,F1Score_Std,ROC_AUC_Mean,ROC_AUC_Std,PR_AUC_Mean,PR_AUC_Std,BrierScore_Mean,BrierScore_Std,TN_Mean,TN_Std,FP_Mean,FP_Std,FN_Mean,FN_Std,TP_Mean,TP_Std
Thoracic Surgery,121,31,Logistic Regression,ADASYN,1.0,0.5,360.0,0.0,63.0,0.0,360.0,0.0,360.0,0.0,368.4,6.040603354706287,1.0233333333333332,0.01677945376307311,40.0,0.0,7.0,0.0,0.0,0.0,0.625531914893617,0.07519068528055929,0.22391883116883116,0.060827979699749846,0.6,0.18808016817268094,0.6,0.18808016817268094,0.63,0.09339283817414598,0.615,0.09037117966132056,0.32244959432726034,0.08418565327185645,0.635,0.09409733465950393,0.2911214670580615,0.10050764708742763,0.23782268489921687,0.039126624646920016,25.2,3.73571352696584,14.8,3.73571352696584,2.8,1.3165611772087666,4.2,1.3165611772087666
Thoracic Surgery,122,31,Logistic Regression,ADASYN,1.0,0.55,360.0,0.0,63.0,0.0,360.0,0.0,360.0,0.0,368.4,6.040603354706287,1.0233333333333332,0.01677945376307311,40.0,0.0,7.0,0.0,0.0,0.0,0.6702127659574468,0.09206209209749766,0.24258971704623877,0.09504515876167215,0.5,0.13883218797250713,0.5,0.13883218797250713,0.7,0.10801234497346435,0.6,0.08331632479486996,0.31861000326904215,0.09592177494901798,0.635,0.09409733465950393,0.2911214670580615,0.10050764708742763,0.23782268489921687,0.039126624646920016,28.0,4.320493798938574,12.0,4.320493798938574,3.5,0.97182531580755,3.5,0.97182531580755
Thoracic Surgery,61,16,Logistic Regression,SMOTE,1.0,0.5,360.0,0.0,63.0,0.0,360.0,0.0,360.0,0.0,360.0,0.0,1.0,0.0,40.0,0.0,7.0,0.0,0.0,0.0,0.6297872340425532,0.09038032523162547,0.22714498367129946,0.10047572311077327,0.5714285714285714,0.21295885499997996,0.5714285714285714,0.21295885499997996,0.64,0.11067971810589329,0.6057142857142856,0.10501120229627765,0.31753445692238796,0.11520939883908483,0.6271428571428571,0.11654755824698061,0.29105459235204334,0.12913836025694853,0.23462842842325618,0.04190450763638046,25.6,4.427188724235732,14.4,4.427188724235732,3.0,1.4907119849998598,4.0,1.4907119849998598
Thoracic Surgery,62,16,Logistic Regression,SMOTE,1.0,0.55,360.0,0.0,63.0,0.0,360.0,0.0,360.0,0.0,360.0,0.0,1.0,0.0,40.0,0.0,7.0,0.0,0.0,0.0,0.6787234042553191,0.08052066371338991,0.23373459873459873,0.1085607423527954,0.4714285714285714,0.2025909274874538,0.4714285714285714,0.2025909274874538,0.7150000000000001,0.09442810316143531,0.5932142857142857,0.10365281421983495,0.3049224943235832,0.12324042434594215,0.6271428571428571,0.11654755824698061,0.29105459235204334,0.12913836025694853,0.23462842842325618,0.04190450763638046,28.6,3.777124126457411,11.4,3.7771241264574114,3.7,1.4181364924121764,3.3,1.4181364924121764
Thoracic Surgery,102,26,Logistic Regression,ADASYN,0.75,0.55,360.0,0.0,63.0,0.0,286.0,0.0,360.0,0.0,274.9,6.34997812769636,0.7636111111111111,0.01763882813248991,40.0,0.0,7.0,0.0,0.0,0.0,0.7425531914893617,0.07602228196233543,0.259248790425261,0.1745194756002317,0.34285714285714286,0.19284244506015796,0.34285714285714286,0.19284244506015796,0.8125,0.08354140689901424,0.5776785714285715,0.1041317968847603,0.2847639933166249,0.1633843966353463,0.6439285714285714,0.10878438284107413,0.3052135312295188,0.12265759145260972,0.2013667394033662,0.03550911367353134,32.5,3.3416562759605704,7.5,3.3416562759605704,4.6,1.349897115421106,2.4,1.3498971154211057
Thoracic Surgery,123,31,Logistic Regression,ADASYN,1.0,0.6,360.0,0.0,63.0,0.0,360.0,0.0,360.0,0.0,368.4,6.040603354706287,1.0233333333333332,0.01677945376307311,40.0,0.0,7.0,0.0,0.0,0.0,0.723404255319149,0.07572395923426463,0.24901418026418026,0.14441860402218018,0.3571428571428571,0.13883218797250713,0.3571428571428571,0.13883218797250713,0.7875,0.08838834764831842,0.5723214285714285,0.07795687692477134,0.2829791133844842,0.11953330481861996,0.635,0.09409733465950393,0.2911214670580615,0.10050764708742763,0.23782268489921687,0.039126624646920016,31.5,3.5355339059327373,8.5,3.5355339059327373,4.5,0.97182531580755,2.5,0.97182531580755
Thoracic Surgery,41,11,Logistic Regression,SMOTE,0.75,0.5,360.0,0.0,63.0,0.0,286.0,0.0,360.0,0.0,286.0,0.0,0.7944444444444444,0.0,40.0,0.0,7.0,0.0,0.0,0.0,0.6936170212765957,0.07973599615634154,0.2191774891774892,0.12282439724132184,0.3857142857142857,0.2025909274874538,0.3857142857142857,0.2025909274874538,0.7474999999999999,0.08696263565463044,0.5666071428571429,0.10996304909165114,0.2734143856372958,0.14023287221511208,0.6217857142857143,0.1163680580885952,0.28592032426356884,0.10368945928279656,0.2101998234448999,0.03688233900320352,29.9,3.4785054261852166,10.1,3.4785054261852175,4.3,1.4181364924121764,2.7,1.4181364924121764
Thoracic Surgery,42,11,Logistic Regression,SMOTE,0.75,0.55,360.0,0.0,63.0,0.0,286.0,0.0,360.0,0.0,286.0,0.0,0.7944444444444444,0.0,40.0,0.0,7.0,0.0,0.0,0.0,0.7425531914893617,0.06379037396246484,0.25161226028873085,0.12444447297906164,0.32857142857142857,0.15133570078162573,0.32857142857142857,0.15133570078162573,0.8150000000000001,0.08010409893798609,0.5717857142857142,0.07202036591531567,0.27334542908072323,0.11030574155782774,0.6217857142857143,0.1163680580885952,0.28592032426356884,0.10368945928279656,0.2101998234448999,0.03688233900320352,32.6,3.2041639575194436,7.4,3.204163957519444,4.7,1.0593499054713802,2.3,1.0593499054713804
Thoracic Surgery,81,21,Logistic Regression,ADASYN,0.5,0.5,360.0,0.0,63.0,0.0,212.0,0.0,360.0,0.0,209.6,2.4129281427805123,0.5822222222222222,0.006702578174390343,40.0,0.0,7.0,0.0,0.0,0.0,0.7659574468085106,0.06577034393968585,0.2793070818070818,0.1810831398319894,0.2857142857142857,0.13468700594029476,0.2857142857142857,0.13468700594029476,0.85,0.06972166887783961,0.5678571428571428,0.08089546318378318,0.2728596893302776,0.1428660348668614,0.6517857142857142,0.08983560824047725,0.30553584798855743,0.12353190190749587,0.17683489419417006,0.03226105831387365,34.0,2.788866755113585,6.0,2.788866755113585,5.0,0.9428090415820634,2.0,0.9428090415820634
Thoracic Surgery,101,26,Logistic Regression,ADASYN,0.75,0.5,360.0,0.0,63.0,0.0,286.0,0.0,360.0,0.0,274.9,6.34997812769636,0.7636111111111111,0.01763882813248991,40.0,0.0,7.0,0.0,0.0,0.0,0.7,0.08883668805742831,0.22440835308482368,0.1439433505597745,0.3714285714285714,0.19284244506015796,0.3714285714285714,0.19284244506015796,0.7575000000000001,0.10478151872666606,0.5644642857142858,0.10146828112681289,0.2702744738099429,0.1471091384348583,0.6439285714285714,0.10878438284107413,0.3052135312295188,0.12265759145260972,0.2013667394033662,0.03550911367353134,30.3,4.191260749066641,9.7,4.191260749066641,4.4,1.3498971154211057,2.6,1.3498971154211057
Thoracic Surgery,21,6,Logistic Regression,SMOTE,0.5,0.5,360.0,0.0,63.0,0.0,212.0,0.0,360.0,0.0,212.0,0.0,0.5888888888888889,0.0,40.0,0.0,7.0,0.0,0.0,0.0,0.7659574468085106,0.06182835380908758,0.2667857142857143,0.16009576255229496,0.2857142857142857,0.15058465048420852,0.2857142857142857,0.15058465048420852,0.85,0.06871842709362767,0.5678571428571428,0.08155413599263786,0.26715661789191203,0.14026917461388802,0.6310714285714286,0.0957730511379012,0.3048505976063775,0.11638174573504534,0.1796851361286616,0.030463546582937946,34.0,2.7487370837451075,6.0,2.7487370837451075,5.0,1.0540925533894598,2.0,1.0540925533894598
Thoracic Surgery,63,16,Logistic Regression,SMOTE,1.0,0.6,360.0,0.0,63.0,0.0,360.0,0.0,360.0,0.0,360.0,0.0,1.0,0.0,40.0,0.0,7.0,0.0,0.0,0.0,0.727659574468085,0.07820736880618565,0.2369263906028612,0.13641300329758274,0.32857142857142857,0.16564311553262936,0.32857142857142857,0.16564311553262936,0.7975,0.09961732334845737,0.5630357142857143,0.07763260362196235,0.2613038073038073,0.12301629253331238,0.6271428571428571,0.11654755824698061,0.29105459235204334,0.12913836025694853,0.23462842842325618,0.04190450763638046,31.9,3.9846929339382955,8.1,3.9846929339382946,4.7,1.1595018087284057,2.3,1.1595018087284057
Thoracic Surgery,124,31,Logistic Regression,ADASYN,1.0,0.65,360.0,0.0,63.0,0.0,360.0,0.0,360.0,0.0,368.4,6.040603354706287,1.0233333333333332,0.01677945376307311,40.0,0.0,7.0,0.0,0.0,0.0,0.7531914893617021,0.06515565434244455,0.2504112554112554,0.1665184416747447,0.2857142857142857,0.1649572197684645,0.2857142857142857,0.1649572197684645,0.835,0.07090682462060881,0.5603571428571429,0.08977563997477164,0.25726824602985593,0.14654452834318935,0.635,0.09409733465950393,0.2911214670580615,0.10050764708742763,0.23782268489921687,0.039126624646920016,33.4,2.836272984824353,6.6,2.836272984824353,5.0,1.1547005383792515,2.0,1.1547005383792515
Thoracic Surgery,64,16,Logistic Regression,SMOTE,1.0,0.65,360.0,0.0,63.0,0.0,360.0,0.0,360.0,0.0,360.0,0.0,1.0,0.0,40.0,0.0,7.0,0.0,0.0,0.0,0.7553191489361702,0.07319066468280246,0.24839285714285714,0.20354436258389114,0.2714285714285714,0.18381199110113125,0.2714285714285714,0.18381199110113125,0.8400000000000001,0.08514693182963198,0.5557142857142857,0.09481229217933357,0.24608467809840806,0.17192150692095814,0.6271428571428571,0.11654755824698061,0.29105459235204334,0.12913836025694853,0.23462842842325618,0.04190450763638046,33.6,3.40587727318528,6.4,3.40587727318528,5.1,1.286683937707919,1.9,1.286683937707919
Thoracic Surgery,43,11,Logistic Regression,SMOTE,0.75,0.6,360.0,0.0,63.0,0.0,286.0,0.0,360.0,0.0,286.0,0.0,0.7944444444444444,0.0,40.0,0.0,7.0,0.0,0.0,0.0,0.7553191489361702,0.06038789491463261,0.2344751082251082,0.13480916246497737,0.2571428571428571,0.14754222271266348,0.2571428571428571,0.14754222271266348,0.8425,0.07642171012073581,0.5498214285714286,0.06927533263736914,0.23383215250222925,0.11936395191778927,0.6217857142857143,0.1163680580885952,0.28592032426356884,0.10368945928279656,0.2101998234448999,0.03688233900320352,33.7,3.056868404829433,6.3,3.0568684048294332,5.2,1.0327955589886444,1.8,1.0327955589886444
Thoracic Surgery,103,26,Logistic Regression,ADASYN,0.75,0.6,360.0,0.0,63.0,0.0,286.0,0.0,360.0,0.0,274.9,6.34997812769636,0.7636111111111111,0.01763882813248991,40.0,0.0,7.0,0.0,0.0,0.0,0.7659574468085106,0.061009399057039906,0.2412301587301587,0.1765026598963237,0.24285714285714283,0.15133570078162575,0.24285714285714283,0.15133570078162575,0.8574999999999999,0.0745821694508815,0.5501785714285714,0.07422335027215883,0.23095238095238094,0.142194009448473,0.6439285714285714,0.10878438284107413,0.3052135312295188,0.12265759145260972,0.2013667394033662,0.03550911367353134,34.3,2.9832867780352594,5.7,2.98328677803526,5.3,1.0593499054713802,1.7,1.0593499054713802
Thoracic Surgery,82,21,Logistic Regression,ADASYN,0.5,0.55,360.0,0.0,63.0,0.0,212.0,0.0,360.0,0.0,209.6,2.4129281427805123,0.5822222222222222,0.006702578174390343,40.0,0.0,7.0,0.0,0.0,0.0,0.7914893617021276,0.052883267751226225,0.2806959706959707,0.1923487988316533,0.2,0.12046772038736683,0.2,0.12046772038736683,0.8949999999999999,0.0632455532033676,0.5475,0.06160182286668852,0.22239760239760242,0.12324585326512817,0.6517857142857142,0.08983560824047725,0.30553584798855743,0.12353190190749587,0.17683489419417006,0.03226105831387365,35.8,2.5298221281347035,4.2,2.5298221281347035,5.6,0.8432740427115677,1.4,0.8432740427115678
Thoracic Surgery,92,23,MLP,ADASYN,0.5,0.65,360.0,0.0,63.0,0.0,212.0,0.0,360.0,0.0,209.6,2.4129281427805123,0.5822222222222222,0.006702578174390343,40.0,0.0,7.0,0.0,0.0,0.0,0.7872340425531915,0.04135426875776805,0.2446428571428571,0.14454062078073945,0.2,0.12046772038736683,0.2,0.12046772038736683,0.89,0.04594682917363411,0.5449999999999999,0.06227453664084703,0.21373959373959375,0.12061537473857427,0.5453571428571429,0.11661867331601057,0.25660556949441143,0.10833695731954608,0.20760647512323058,0.04225367072019298,35.6,1.8378731669453618,4.4,1.837873166945363,5.6,0.8432740427115677,1.4,0.8432740427115677
Thoracic Surgery,22,6,Logistic Regression,SMOTE,0.5,0.55,360.0,0.0,63.0,0.0,212.0,0.0,360.0,0.0,212.0,0.0,0.5888888888888889,0.0,40.0,0.0,7.0,0.0,0.0,0.0,0.778723404255319,0.0674318543205941,0.28261904761904766,0.29160170964394455,0.2,0.13801311186847084,0.2,0.13801311186847084,0.8800000000000001,0.08147937707720213,0.54,0.07122092834919125,0.21313575313575311,0.14591600625893128,0.6310714285714286,0.0957730511379012,0.3048505976063775,0.11638174573504534,0.1796851361286616,0.030463546582937946,35.2,3.2591750830880843,4.8,3.259175083088084,5.6,0.9660917830792958,1.4,0.9660917830792958
Thoracic Surgery,89,23,MLP,ADASYN,0.5,0.5,360.0,0.0,63.0,0.0,212.0,0.0,360.0,0.0,209.6,2.4129281427805123,0.5822222222222222,0.006702578174390343,40.0,0.0,7.0,0.0,0.0,0.0,0.7531914893617021,0.05950688500256177,0.20204545454545456,0.13148883447064985,0.22857142857142856,0.16768397011103817,0.22857142857142856,0.16768397011103817,0.845,0.06952217871538072,0.5367857142857143,0.08418442932389321,0.20700534759358286,0.13717223658307734,0.5453571428571429,0.11661867331601057,0.25660556949441143,0.10833695731954608,0.20760647512323058,0.04225367072019298,33.8,2.780887148615229,6.2,2.780887148615228,5.4,1.1737877907772674,1.6,1.1737877907772674
Thoracic Surgery,91,23,MLP,ADASYN,0.5,0.6,360.0,0.0,63.0,0.0,212.0,0.0,360.0,0.0,209.6,2.4129281427805123,0.5822222222222222,0.006702578174390343,40.0,0.0,7.0,0.0,0.0,0.0,0.7702127659574468,0.04994841662881987,0.21314213564213563,0.12404700732762451,0.2,0.12046772038736683,0.2,0.12046772038736683,0.8700000000000001,0.05868938953886335,0.5349999999999999,0.06208307651866711,0.20087523587523587,0.11530260567306992,0.5453571428571429,0.11661867331601057,0.25660556949441143,0.10833695731954608,0.20760647512323058,0.04225367072019298,34.8,2.3475755815545343,5.2,2.3475755815545347,5.6,0.8432740427115677,1.4,0.8432740427115677
Thoracic Surgery,129,33,MLP,ADASYN,1.0,0.5,360.0,0.0,63.0,0.0,360.0,0.0,360.0,0.0,368.4,6.040603354706287,1.0233333333333332,0.01677945376307311,40.0,0.0,7.0,0.0,0.0,0.0,0.7425531914893617,0.0733279831237607,0.1957142857142857,0.1519548025918833,0.2,0.1535668142533057,0.2,0.1535668142533057,0.8375,0.06373774391990981,0.51875,0.10334968737165387,0.19696617108381814,0.15192079942960174,0.5492857142857143,0.1045154026340381,0.24200673761536579,0.12184530622253638,0.2255867852121151,0.06163828746684555,33.5,2.5495097567963922,6.5,2.5495097567963922,5.6,1.0749676997731399,1.4,1.0749676997731399
Thoracic Surgery,52,13,MLP,SMOTE,0.75,0.65,360.0,0.0,63.0,0.0,286.0,0.0,360.0,0.0,286.0,0.0,0.7944444444444444,0.0,40.0,0.0,7.0,0.0,0.0,0.0,0.7702127659574468,0.05916781167266439,0.22453102453102453,0.16352782682722092,0.1857142857142857,0.09642122253007898,0.1857142857142857,0.09642122253007898,0.8724999999999999,0.06713378020374276,0.5291071428571429,0.05924966632128549,0.19650357812122515,0.11451911142888631,0.5321428571428571,0.10578504710249073,0.2328955243013319,0.10905737225690589,0.2183380822458533,0.050797423334627584,34.9,2.685351208149711,5.1,2.685351208149711,5.7,0.6749485577105531,1.3,0.6749485577105528
Thoracic Surgery,53,14,XGBoost,SMOTE,0.75,0.5,360.0,0.0,63.0,0.0,286.0,0.0,360.0,0.0,286.0,0.0,0.7944444444444444,0.0,40.0,0.0,7.0,0.0,0.0,0.0,0.8063829787234044,0.05713513208829173,0.3013888888888889,0.29207423023450424,0.15714285714285714,0.12508500511013043,0.15714285714285714,0.12508500511013043,0.9199999999999999,0.06101001739241042,0.5385714285714285,0.07265416793215534,0.19594017094017097,0.166467756971393,0.6035714285714285,0.13921956100994018,0.27531898105718366,0.12540249509015364,0.15182818398862918,0.031286684199491314,36.8,2.440400695696417,3.2,2.440400695696417,5.9,0.8755950357709131,1.1,0.8755950357709131
Thoracic Surgery,90,23,MLP,ADASYN,0.5,0.55,360.0,0.0,63.0,0.0,212.0,0.0,360.0,0.0,209.6,2.4129281427805123,0.5822222222222222,0.006702578174390343,40.0,0.0,7.0,0.0,0.0,0.0,0.7595744680851063,0.05588904483644126,0.20016955266955266,0.12428580779260823,0.2,0.12046772038736683,0.2,0.12046772038736683,0.8574999999999999,0.0646034914777144,0.5287499999999999,0.06507697561428344,0.19496753246753246,0.11580444359250194,0.5453571428571429,0.11661867331601057,0.25660556949441143,0.10833695731954608,0.20760647512323058,0.04225367072019298,34.3,2.5841396591085735,5.7,2.5841396591085743,5.6,0.8432740427115677,1.4,0.8432740427115677
Thoracic Surgery,51,13,MLP,SMOTE,0.75,0.6,360.0,0.0,63.0,0.0,286.0,0.0,360.0,0.0,286.0,0.0,0.7944444444444444,0.0,40.0,0.0,7.0,0.0,0.0,0.0,0.7595744680851064,0.04918735002666582,0.19595959595959594,0.12335921049299241,0.2,0.12046772038736683,0.2,0.12046772038736683,0.8574999999999999,0.056580817322559845,0.5287499999999999,0.06318193728864671,0.19424333836098542,0.1149687812731493,0.5321428571428571,0.10578504710249073,0.2328955243013319,0.10905737225690589,0.2183380822458533,0.050797423334627584,34.3,2.2632326929023936,5.7,2.2632326929023945,5.6,0.8432740427115678,1.4,0.8432740427115678
Thoracic Surgery,57,15,LightGBM,SMOTE,0.75,0.5,360.0,0.0,63.0,0.0,286.0,0.0,360.0,0.0,286.0,0.0,0.7944444444444444,0.0,40.0,0.0,7.0,0.0,0.0,0.0,0.8042553191489361,0.052883267751226225,0.31777777777777777,0.3035320201276932,0.15714285714285714,0.10540925533894596,0.15714285714285714,0.10540925533894596,0.9175000000000001,0.060150274775395265,0.5373214285714286,0.05952648803497295,0.19095765345765345,0.12832849008097472,0.6303571428571428,0.11181924290523622,0.30001210069692075,0.11040984738273177,0.16106105680041843,0.03486847279650149,36.7,2.4060109910158114,3.3,2.4060109910158114,5.9,0.7378647873726218,1.1,0.7378647873726218
Thoracic Surgery,50,13,MLP,SMOTE,0.75,0.55,360.0,0.0,63.0,0.0,286.0,0.0,360.0,0.0,286.0,0.0,0.7944444444444444,0.0,40.0,0.0,7.0,0.0,0.0,0.0,0.7510638297872341,0.05588904483644123,0.18917748917748917,0.12660411458348275,0.2,0.12046772038736683,0.2,0.12046772038736683,0.8474999999999999,0.06286007388548703,0.5237499999999999,0.06705905991741014,0.19065664727429432,0.1168880218750712,0.5321428571428571,0.10578504710249073,0.2328955243013319,0.10905737225690589,0.2183380822458533,0.050797423334627584,33.9,2.514402955419481,6.1,2.5144029554194813,5.6,0.8432740427115678,1.4,0.8432740427115678
Thoracic Surgery,49,13,MLP,SMOTE,0.75,0.5,360.0,0.0,63.0,0.0,286.0,0.0,360.0,0.0,286.0,0.0,0.7944444444444444,0.0,40.0,0.0,7.0,0.0,0.0,0.0,0.7468085106382978,0.05443002511872308,0.1867965367965368,0.1272964887688616,0.2,0.12046772038736683,0.2,0.12046772038736683,0.8425,0.058984461230621336,0.52125,0.06881863714571874,0.18955774617539323,0.11732338560134384,0.5321428571428571,0.10578504710249073,0.2328955243013319,0.10905737225690589,0.2183380822458533,0.050797423334627584,33.7,2.359378449224851,6.3,2.359378449224852,5.6,0.8432740427115678,1.4,0.8432740427115678
Thoracic Surgery,110,28,MLP,ADASYN,0.75,0.55,360.0,0.0,63.0,0.0,286.0,0.0,360.0,0.0,274.9,6.34997812769636,0.7636111111111111,0.01763882813248991,40.0,0.0,7.0,0.0,0.0,0.0,0.7382978723404255,0.0716627976117397,0.17404262404262405,0.16296246473776796,0.2,0.16768397011103817,0.2,0.16768397011103817,0.8324999999999999,0.07642171012073583,0.51625,0.09510574881703987,0.18196311858076564,0.15914197889760237,0.5196428571428571,0.11665755552372499,0.23411751764340977,0.11924094549874589,0.22938674541569165,0.06087879893008019,33.3,3.0568684048294332,6.7,3.0568684048294332,5.6,1.1737877907772671,1.4,1.1737877907772671
Thoracic Surgery,73,19,XGBoost,SMOTE,1.0,0.5,360.0,0.0,63.0,0.0,360.0,0.0,360.0,0.0,360.0,0.0,1.0,0.0,40.0,0.0,7.0,0.0,0.0,0.0,0.7936170212765957,0.04018217155805759,0.23035714285714284,0.16085017770404397,0.15714285714285714,0.10540925533894596,0.15714285714285714,0.10540925533894596,0.905,0.043779751788545665,0.5310714285714286,0.05672091241122541,0.18150516150516152,0.12034264506239654,0.5885714285714285,0.12759550244776635,0.26316200773653725,0.12257675068909732,0.15876567802793462,0.034692401472443526,36.2,1.7511900715418267,3.8,1.7511900715418263,5.9,0.737864787372622,1.1,0.7378647873726218
Thoracic Surgery,37,10,LightGBM,SMOTE,0.5,0.5,360.0,0.0,63.0,0.0,212.0,0.0,360.0,0.0,212.0,0.0,0.5888888888888889,0.0,40.0,0.0,7.0,0.0,0.0,0.0,0.8042553191489361,0.057442430443451334,0.34095238095238095,0.3337276579186447,0.14285714285714285,0.11664236870396086,0.14285714285714285,0.11664236870396086,0.9199999999999999,0.06433419688539592,0.5314285714285714,0.06660392455734053,0.18059290382819795,0.1422087898297129,0.6203571428571428,0.13265185111954594,0.29216592987322254,0.13621381640412314,0.16549608360291748,0.046421195137712645,36.8,2.5733678754158373,3.2,2.573367875415838,6.0,0.816496580927726,1.0,0.816496580927726
Thoracic Surgery,74,19,XGBoost,SMOTE,1.0,0.55,360.0,0.0,63.0,0.0,360.0,0.0,360.0,0.0,360.0,0.0,1.0,0.0,40.0,0.0,7.0,0.0,0.0,0.0,0.8063829787234041,0.045356814057643906,0.2619047619047619,0.2532231132308542,0.14285714285714285,0.11664236870396086,0.14285714285714285,0.11664236870396086,0.9225,0.04479893351905204,0.5326785714285714,0.06706962614005606,0.17934065934065935,0.15415005741744195,0.5885714285714285,0.12759550244776635,0.26316200773653725,0.12257675068909732,0.15876567802793462,0.034692401472443526,36.9,1.7919573407620815,3.1,1.7919573407620815,6.0,0.816496580927726,1.0,0.816496580927726
Thoracic Surgery,109,28,MLP,ADASYN,0.75,0.5,360.0,0.0,63.0,0.0,286.0,0.0,360.0,0.0,274.9,6.34997812769636,0.7636111111111111,0.01763882813248991,40.0,0.0,7.0,0.0,0.0,0.0,0.7297872340425532,0.07509027479470311,0.16964285714285715,0.16357415299287617,0.2,0.16768397011103817,0.2,0.16768397011103817,0.8225,0.08032053840014322,0.51125,0.09652423972699958,0.17888876603272888,0.1590313705522551,0.5196428571428571,0.11665755552372499,0.23411751764340977,0.11924094549874589,0.22938674541569165,0.06087879893008019,32.9,3.212821536005731,7.1,3.212821536005731,5.6,1.1737877907772671,1.4,1.1737877907772671
Thoracic Surgery,125,32,Random Forest,ADASYN,1.0,0.5,360.0,0.0,63.0,0.0,360.0,0.0,360.0,0.0,368.4,6.040603354706287,1.0233333333333332,0.01677945376307311,40.0,0.0,7.0,0.0,0.0,0.0,0.7872340425531915,0.04810163108599484,0.20404761904761903,0.1889557371373723,0.15714285714285714,0.14206127514453615,0.15714285714285714,0.14206127514453615,0.8975,0.04779876799899994,0.5273214285714285,0.07767366797148903,0.1738961038961039,0.15802283041463944,0.6316071428571428,0.083837970348219,0.2812739911380844,0.08833068557220258,0.14920463356973995,0.024574916897844065,35.9,1.911950719959998,4.1,1.911950719959998,5.9,0.9944289260117533,1.1,0.9944289260117533
Thoracic Surgery,130,33,MLP,ADASYN,1.0,0.55,360.0,0.0,63.0,0.0,360.0,0.0,360.0,0.0,368.4,6.040603354706287,1.0233333333333332,0.01677945376307311,40.0,0.0,7.0,0.0,0.0,0.0,0.7446808510638298,0.06577034393968584,0.17634920634920634,0.14961436669571643,0.17142857142857143,0.14754222271266348,0.17142857142857143,0.14754222271266348,0.845,0.05749396103553451,0.5082142857142857,0.09552857487045459,0.1726098901098901,0.14690154654859916,0.5492857142857143,0.1045154026340381,0.24200673761536579,0.12184530622253638,0.2255867852121151,0.06163828746684555,33.8,2.2997584414213783,6.2,2.2997584414213788,5.8,1.0327955589886444,1.2,1.0327955589886444
Thoracic Surgery,71,18,MLP,SMOTE,1.0,0.6,360.0,0.0,63.0,0.0,360.0,0.0,360.0,0.0,360.0,0.0,1.0,0.0,40.0,0.0,7.0,0.0,0.0,0.0,0.7468085106382978,0.06379037396246487,0.1779076479076479,0.14476338103077385,0.17142857142857143,0.1312766547818116,0.17142857142857143,0.1312766547818116,0.8474999999999999,0.06503204338375558,0.5094642857142857,0.0812147795632121,0.17074175824175825,0.13326443640560606,0.5385714285714286,0.11409706652481982,0.22094782002729838,0.08321352783703838,0.23431371873785695,0.054143358369477375,33.9,2.601281735350223,6.1,2.601281735350223,5.8,0.9189365834726815,1.2,0.9189365834726815
Thoracic Surgery,38,10,LightGBM,SMOTE,0.5,0.55,360.0,0.0,63.0,0.0,212.0,0.0,360.0,0.0,212.0,0.0,0.5888888888888889,0.0,40.0,0.0,7.0,0.0,0.0,0.0,0.8063829787234044,0.05713513208829172,0.33444444444444443,0.33764495439194325,0.12857142857142856,0.10540925533894598,0.12857142857142856,0.10540925533894598,0.925,0.06009252125773314,0.5267857142857143,0.06688950851371499,0.17066239316239315,0.1415837631400101,0.6203571428571428,0.13265185111954594,0.29216592987322254,0.13621381640412314,0.16549608360291748,0.046421195137712645,37.0,2.403700850309326,3.0,2.4037008503093262,6.1,0.7378647873726218,0.9,0.7378647873726218
Thoracic Surgery,58,15,LightGBM,SMOTE,0.75,0.55,360.0,0.0,63.0,0.0,286.0,0.0,360.0,0.0,286.0,0.0,0.7944444444444444,0.0,40.0,0.0,7.0,0.0,0.0,0.0,0.8085106382978724,0.05114257128317714,0.35,0.3804643037391985,0.12857142857142856,0.10540925533894596,0.12857142857142856,0.10540925533894596,0.9275,0.05458174297937605,0.5280357142857143,0.06276333412997682,0.16790209790209792,0.13221703305926277,0.6303571428571428,0.11181924290523622,0.30001210069692075,0.11040984738273177,0.16106105680041843,0.03486847279650149,37.1,2.183269719175042,2.9,2.183269719175042,6.1,0.737864787372622,0.9,0.7378647873726218
Thoracic Surgery,70,18,MLP,SMOTE,1.0,0.55,360.0,0.0,63.0,0.0,360.0,0.0,360.0,0.0,360.0,0.0,1.0,0.0,40.0,0.0,7.0,0.0,0.0,0.0,0.7404255319148936,0.06084428536036091,0.16886002886002888,0.144594485757949,0.17142857142857143,0.1312766547818116,0.17142857142857143,0.1312766547818116,0.8400000000000001,0.06032320356951287,0.5057142857142857,0.08103899428117496,0.16707875457875457,0.13363728464123098,0.5385714285714286,0.11409706652481982,0.22094782002729838,0.08321352783703838,0.23431371873785695,0.054143358369477375,33.6,2.4129281427805145,6.4,2.4129281427805145,5.8,0.9189365834726815,1.2,0.9189365834726815
Thoracic Surgery,44,11,Logistic Regression,SMOTE,0.75,0.65,360.0,0.0,63.0,0.0,286.0,0.0,360.0,0.0,286.0,0.0,0.7944444444444444,0.0,40.0,0.0,7.0,0.0,0.0,0.0,0.7808510638297872,0.05937995940123256,0.2580952380952381,0.30231782868188023,0.15714285714285714,0.14206127514453615,0.15714285714285714,0.14206127514453615,0.89,0.07745966692414835,0.5235714285714286,0.06360307755072002,0.16683483183483183,0.13065681343298163,0.6217857142857143,0.1163680580885952,0.28592032426356884,0.10368945928279656,0.2101998234448999,0.03688233900320352,35.6,3.0983866769659336,4.4,3.0983866769659336,5.9,0.9944289260117533,1.1,0.9944289260117533
Thoracic Surgery,112,28,MLP,ADASYN,0.75,0.65,360.0,0.0,63.0,0.0,286.0,0.0,360.0,0.0,274.9,6.34997812769636,0.7636111111111111,0.01763882813248991,40.0,0.0,7.0,0.0,0.0,0.0,0.7425531914893617,0.07124041987998687,0.16575396825396824,0.17072021677653104,0.17142857142857143,0.1621846320564419,0.17142857142857143,0.1621846320564419,0.8425,0.06876893678592588,0.5069642857142858,0.09930473296204029,0.16650560224089633,0.163726821561537,0.5196428571428571,0.11665755552372499,0.23411751764340977,0.11924094549874589,0.22938674541569165,0.06087879893008019,33.7,2.750757471437035,6.3,2.7507574714370344,5.8,1.1352924243950933,1.2,1.1352924243950933
Thoracic Surgery,111,28,MLP,ADASYN,0.75,0.6,360.0,0.0,63.0,0.0,286.0,0.0,360.0,0.0,274.9,6.34997812769636,0.7636111111111111,0.01763882813248991,40.0,0.0,7.0,0.0,0.0,0.0,0.7382978723404255,0.07641823402582117,0.1640873015873016,0.17151298321048167,0.17142857142857143,0.1621846320564419,0.17142857142857143,0.1621846320564419,0.8375,0.07569125885243731,0.5044642857142858,0.10094946789372991,0.1652672121480171,0.16418363449104267,0.5196428571428571,0.11665755552372499,0.23411751764340977,0.11924094549874589,0.22938674541569165,0.06087879893008019,33.5,3.0276503540974917,6.5,3.0276503540974917,5.8,1.1352924243950933,1.2,1.1352924243950933
Thoracic Surgery,132,33,MLP,ADASYN,1.0,0.65,360.0,0.0,63.0,0.0,360.0,0.0,360.0,0.0,368.4,6.040603354706287,1.0233333333333332,0.01677945376307311,40.0,0.0,7.0,0.0,0.0,0.0,0.7574468085106383,0.060346233719667096,0.17595238095238094,0.1459786825606969,0.15714285714285714,0.14206127514453615,0.15714285714285714,0.14206127514453615,0.8625,0.0555902669338597,0.5098214285714285,0.08776583363295754,0.164005994005994,0.14118192431816678,0.5492857142857143,0.1045154026340381,0.24200673761536579,0.12184530622253638,0.2255867852121151,0.06163828746684555,34.5,2.2236106773543867,5.5,2.2236106773543893,5.9,0.9944289260117531,1.1,0.9944289260117533
Thoracic Surgery,105,27,Random Forest,ADASYN,0.75,0.5,360.0,0.0,63.0,0.0,286.0,0.0,360.0,0.0,274.9,6.34997812769636,0.7636111111111111,0.01763882813248991,40.0,0.0,7.0,0.0,0.0,0.0,0.8085106382978724,0.04135426875776806,0.22833333333333333,0.2285285729224582,0.12857142857142856,0.12508500511013043,0.12857142857142856,0.12508500511013043,0.9275,0.03809709816887488,0.5280357142857143,0.06992489694773904,0.161981351981352,0.15995003843014544,0.6507142857142857,0.10095982115439958,0.30803545511445507,0.14400769580992434,0.14127938534278958,0.02630984055553279,37.1,1.5238839267549946,2.9,1.5238839267549948,6.1,0.8755950357709131,0.9,0.8755950357709131
Thoracic Surgery,60,15,LightGBM,SMOTE,0.75,0.65,360.0,0.0,63.0,0.0,286.0,0.0,360.0,0.0,286.0,0.0,0.7944444444444444,0.0,40.0,0.0,7.0,0.0,0.0,0.0,0.8191489361702129,0.04836234644321228,0.37333333333333335,0.4066727382667576,0.11428571428571428,0.1126872339638022,0.11428571428571428,0.1126872339638022,0.9425000000000001,0.04721405158071763,0.5283928571428571,0.06785949244052533,0.16094017094017093,0.15280527913772912,0.6303571428571428,0.11181924290523622,0.30001210069692075,0.11040984738273177,0.16106105680041843,0.03486847279650149,37.7,1.8885620632287055,2.3,1.888562063228706,6.2,0.7888106377466155,0.8,0.7888106377466155
Thoracic Surgery,131,33,MLP,ADASYN,1.0,0.6,360.0,0.0,63.0,0.0,360.0,0.0,360.0,0.0,368.4,6.040603354706287,1.0233333333333332,0.01677945376307311,40.0,0.0,7.0,0.0,0.0,0.0,0.7468085106382979,0.06457406887994345,0.1694047619047619,0.14147596207767943,0.15714285714285714,0.14206127514453615,0.15714285714285714,0.14206127514453615,0.85,0.05892556509887902,0.5035714285714286,0.09107337377318817,0.16085581085581085,0.13902536738405413,0.5492857142857143,0.1045154026340381,0.24200673761536579,0.12184530622253638,0.2255867852121151,0.06163828746684555,34.0,2.3570226039551603,6.0,2.3570226039551585,5.9,0.9944289260117531,1.1,0.9944289260117533
Thoracic Surgery,104,26,Logistic Regression,ADASYN,0.75,0.65,360.0,0.0,63.0,0.0,286.0,0.0,360.0,0.0,274.9,6.34997812769636,0.7636111111111111,0.01763882813248991,40.0,0.0,7.0,0.0,0.0,0.0,0.8042553191489361,0.03858573193967504,0.20893939393939392,0.222025222597438,0.14285714285714285,0.15058465048420852,0.14285714285714285,0.15058465048420852,0.9199999999999999,0.05244044240850756,0.5314285714285714,0.06612342441401405,0.16023310023310025,0.15712777829667401,0.6439285714285714,0.10878438284107413,0.3052135312295188,0.12265759145260972,0.2013667394033662,0.03550911367353134,36.8,2.0976176963403033,3.2,2.0976176963403033,6.0,1.0540925533894598,1.0,1.0540925533894598
Thoracic Surgery,54,14,XGBoost,SMOTE,0.75,0.55,360.0,0.0,63.0,0.0,286.0,0.0,360.0,0.0,286.0,0.0,0.7944444444444444,0.0,40.0,0.0,7.0,0.0,0.0,0.0,0.8212765957446809,0.050349615175315894,0.30095238095238097,0.349464551007948,0.11428571428571428,0.1126872339638022,0.11428571428571428,0.1126872339638022,0.945,0.0510990323891863,0.5296428571428572,0.06739188873051907,0.15984126984126984,0.16632963319020183,0.6035714285714285,0.13921956100994018,0.27531898105718366,0.12540249509015364,0.15182818398862918,0.031286684199491314,37.8,2.0439612955674518,2.2,2.043961295567452,6.2,0.7888106377466155,0.8,0.7888106377466155
Thoracic Surgery,69,18,MLP,SMOTE,1.0,0.5,360.0,0.0,63.0,0.0,360.0,0.0,360.0,0.0,360.0,0.0,1.0,0.0,40.0,0.0,7.0,0.0,0.0,0.0,0.725531914893617,0.06457406887994349,0.15444555444555447,0.13642541497245056,0.17142857142857143,0.1312766547818116,0.17142857142857143,0.1312766547818116,0.8225,0.06609126686299448,0.49696428571428575,0.08142826684710512,0.15922502334267039,0.12884214343915903,0.5385714285714286,0.11409706652481982,0.22094782002729838,0.08321352783703838,0.23431371873785695,0.054143358369477375,32.9,2.64365067451978,7.1,2.6436506745197796,5.8,0.9189365834726815,1.2,0.9189365834726815
Thoracic Surgery,40,10,LightGBM,SMOTE,0.5,0.65,360.0,0.0,63.0,0.0,212.0,0.0,360.0,0.0,212.0,0.0,0.5888888888888889,0.0,40.0,0.0,7.0,0.0,0.0,0.0,0.8127659574468085,0.05656000577979259,0.37777777777777777,0.38915334923151695,0.11428571428571428,0.09035079029052512,0.11428571428571428,0.09035079029052512,0.9349999999999999,0.0625832778517286,0.5246428571428571,0.0581130437194623,0.1586926961926962,0.12625228616703402,0.6203571428571428,0.13265185111954594,0.29216592987322254,0.13621381640412314,0.16549608360291748,0.046421195137712645,37.4,2.5033311140691454,2.6,2.503331114069145,6.2,0.6324555320336759,0.8,0.6324555320336759
Thoracic Surgery,137,35,LightGBM,ADASYN,1.0,0.5,360.0,0.0,63.0,0.0,360.0,0.0,360.0,0.0,368.4,6.040603354706287,1.0233333333333332,0.01677945376307311,40.0,0.0,7.0,0.0,0.0,0.0,0.7978723404255319,0.04043175266308998,0.21583333333333332,0.1386915264396958,0.12857142857142856,0.08109231602822095,0.12857142857142856,0.08109231602822095,0.915,0.047434164902525694,0.5217857142857143,0.04391711684443134,0.15615384615384614,0.0943153776406214,0.6075,0.11338246734053177,0.27025678145562304,0.0941373507277642,0.16747396912615725,0.030371320097663104,36.6,1.897366596101027,3.4,1.8973665961010275,6.1,0.5676462121975469,0.9,0.5676462121975466
Thoracic Surgery,65,17,Random Forest,SMOTE,1.0,0.5,360.0,0.0,63.0,0.0,360.0,0.0,360.0,0.0,360.0,0.0,1.0,0.0,40.0,0.0,7.0,0.0,0.0,0.0,0.8021276595744681,0.04601738495747043,0.2033333333333333,0.23606862362823314,0.12857142857142856,0.14206127514453615,0.12857142857142856,0.14206127514453615,0.9199999999999999,0.04216370213557838,0.5242857142857142,0.07901749282491567,0.15554778554778553,0.17472147662702275,0.63125,0.08250974827310227,0.286045611706335,0.12893433215680156,0.14789205673758868,0.024908470453151466,36.8,1.6865480854231365,3.2,1.6865480854231356,6.1,0.9944289260117533,0.9,0.9944289260117533
Thoracic Surgery,72,18,MLP,SMOTE,1.0,0.65,360.0,0.0,63.0,0.0,360.0,0.0,360.0,0.0,360.0,0.0,1.0,0.0,40.0,0.0,7.0,0.0,0.0,0.0,0.7468085106382978,0.06379037396246487,0.16124098124098124,0.15540446230335106,0.15714285714285714,0.14206127514453615,0.15714285714285714,0.14206127514453615,0.85,0.06666666666666668,0.5035714285714286,0.08336734000005522,0.15535714285714286,0.14388850342030002,0.5385714285714286,0.11409706652481982,0.22094782002729838,0.08321352783703838,0.23431371873785695,0.054143358369477375,34.0,2.6666666666666665,6.0,2.666666666666667,5.9,0.9944289260117533,1.1,0.9944289260117533
Thoracic Surgery,39,10,LightGBM,SMOTE,0.5,0.6,360.0,0.0,63.0,0.0,212.0,0.0,360.0,0.0,212.0,0.0,0.5888888888888889,0.0,40.0,0.0,7.0,0.0,0.0,0.0,0.8042553191489361,0.05475250798757102,0.31777777777777777,0.3232295875305106,0.11428571428571428,0.09035079029052512,0.11428571428571428,0.09035079029052512,0.925,0.06009252125773314,0.5196428571428571,0.057796362352087426,0.15288461538461537,0.11893781853439961,0.6203571428571428,0.13265185111954594,0.29216592987322254,0.13621381640412314,0.16549608360291748,0.046421195137712645,37.0,2.403700850309326,3.0,2.4037008503093262,6.2,0.6324555320336759,0.8,0.6324555320336759
Thoracic Surgery,59,15,LightGBM,SMOTE,0.75,0.6,360.0,0.0,63.0,0.0,286.0,0.0,360.0,0.0,286.0,0.0,0.7944444444444444,0.0,40.0,0.0,7.0,0.0,0.0,0.0,0.8106382978723404,0.04752302288723679,0.3333333333333333,0.3928371006591931,0.11428571428571428,0.1126872339638022,0.11428571428571428,0.1126872339638022,0.9324999999999999,0.048662671068854774,0.5233928571428571,0.06544073715481113,0.1525174825174825,0.14257893544366693,0.6303571428571428,0.11181924290523622,0.30001210069692075,0.11040984738273177,0.16106105680041843,0.03486847279650149,37.3,1.9465068427541907,2.7,1.9465068427541912,6.2,0.7888106377466155,0.8,0.7888106377466155
Thoracic Surgery,9,3,MLP,Baseline,0.0,0.5,360.0,0.0,63.0,0.0,63.0,0.0,360.0,0.0,63.0,0.0,0.175,0.0,40.0,0.0,7.0,0.0,0.0,0.0,0.7978723404255319,0.02700628760944646,0.18833333333333332,0.1482511216204734,0.12857142857142856,0.10540925533894598,0.12857142857142856,0.10540925533894598,0.915,0.029344694769431644,0.5217857142857143,0.05210832733621163,0.15100233100233101,0.1202084640628904,0.5578571428571428,0.10229509134990647,0.2429490168598348,0.08568910512705319,0.1736952529568523,0.03409995103216753,36.6,1.173787790777267,3.4,1.1737877907772671,6.1,0.7378647873726217,0.9,0.7378647873726218
Thoracic Surgery,83,21,Logistic Regression,ADASYN,0.5,0.6,360.0,0.0,63.0,0.0,212.0,0.0,360.0,0.0,209.6,2.4129281427805123,0.5822222222222222,0.006702578174390343,40.0,0.0,7.0,0.0,0.0,0.0,0.8085106382978724,0.05307315442232538,0.2430769230769231,0.3146919872286528,0.12857142857142856,0.14206127514453615,0.12857142857142856,0.14206127514453615,0.9275,0.0740213933040082,0.5280357142857143,0.05709974812402997,0.14871794871794872,0.15172698960420894,0.6517857142857142,0.08983560824047725,0.30553584798855743,0.12353190190749587,0.17683489419417006,0.03226105831387365,37.1,2.960855732160327,2.9,2.960855732160327,6.1,0.9944289260117533,0.9,0.9944289260117533
Thoracic Surgery,97,25,LightGBM,ADASYN,0.5,0.5,360.0,0.0,63.0,0.0,212.0,0.0,360.0,0.0,209.6,2.4129281427805123,0.5822222222222222,0.006702578174390343,40.0,0.0,7.0,0.0,0.0,0.0,0.8,0.05326236412913076,0.28345238095238096,0.3099825914129501,0.11428571428571428,0.09035079029052512,0.11428571428571428,0.09035079029052512,0.9199999999999999,0.05868938953886339,0.5171428571428571,0.05673964888067287,0.14817460317460318,0.11624812445037389,0.6185714285714285,0.09815185606025265,0.2807146317609313,0.09515783578872117,0.16613995106969434,0.038072565384733574,36.8,2.347575581554535,3.2,2.3475755815545347,6.2,0.6324555320336759,0.8,0.6324555320336759
Thoracic Surgery,106,27,Random Forest,ADASYN,0.75,0.55,360.0,0.0,63.0,0.0,286.0,0.0,360.0,0.0,274.9,6.34997812769636,0.7636111111111111,0.01763882813248991,40.0,0.0,7.0,0.0,0.0,0.0,0.827659574468085,0.0324230622713829,0.31166666666666665,0.30792515524810227,0.1,0.06900655593423542,0.1,0.06900655593423542,0.9550000000000001,0.036893239368631044,0.5275000000000001,0.03809709816887485,0.1442929292929293,0.10214182225212905,0.6507142857142857,0.10095982115439958,0.30803545511445507,0.14400769580992434,0.14127938534278958,0.02630984055553279,38.2,1.4757295747452428,1.8,1.4757295747452435,6.3,0.4830458915396479,0.7,0.48304589153964794
Thoracic Surgery,85,22,Random Forest,ADASYN,0.5,0.5,360.0,0.0,63.0,0.0,212.0,0.0,360.0,0.0,209.6,2.4129281427805123,0.5822222222222222,0.006702578174390343,40.0,0.0,7.0,0.0,0.0,0.0,0.8148936170212766,0.04018217155805758,0.3,0.3892855120301078,0.1,0.09642122253007898,0.1,0.09642122253007898,0.9400000000000001,0.03763863263545405,0.52,0.05858667049068133,0.1411926961926962,0.14547295707010827,0.6476785714285713,0.09287640978381469,0.3022166064546904,0.14776641978170704,0.13988295508274232,0.023604683601946064,37.6,1.505545305418162,2.4,1.505545305418162,6.3,0.6749485577105528,0.7,0.6749485577105528
Thoracic Surgery,84,21,Logistic Regression,ADASYN,0.5,0.65,360.0,0.0,63.0,0.0,212.0,0.0,360.0,0.0,209.6,2.4129281427805123,0.5822222222222222,0.006702578174390343,40.0,0.0,7.0,0.0,0.0,0.0,0.8212765957446809,0.03644037610968833,0.3083333333333333,0.38898808258745116,0.11428571428571428,0.13127665478181164,0.11428571428571428,0.13127665478181164,0.945,0.052440442408507586,0.5296428571428571,0.05415162009749727,0.14106643356643356,0.13472362801156784,0.6517857142857142,0.08983560824047725,0.30553584798855743,0.12353190190749587,0.17683489419417006,0.03226105831387365,37.8,2.097617696340303,2.2,2.0976176963403033,6.2,0.9189365834726814,0.8,0.9189365834726815
Thoracic Surgery,133,34,XGBoost,ADASYN,1.0,0.5,360.0,0.0,63.0,0.0,360.0,0.0,360.0,0.0,368.4,6.040603354706287,1.0233333333333332,0.01677945376307311,40.0,0.0,7.0,0.0,0.0,0.0,0.8,0.03779549672191271,0.1992857142857143,0.17468991351996688,0.11428571428571428,0.09035079029052513,0.11428571428571428,0.09035079029052513,0.9199999999999999,0.04377975178854565,0.5171428571428571,0.04735192937378058,0.14007437007437007,0.11015038557414018,0.5817857142857144,0.12411192465379725,0.24443470599037878,0.08917051361663617,0.15841274243785436,0.027613780444384978,36.8,1.7511900715418267,3.2,1.7511900715418263,6.2,0.6324555320336759,0.8,0.6324555320336759
Thoracic Surgery,77,20,LightGBM,SMOTE,1.0,0.5,360.0,0.0,63.0,0.0,360.0,0.0,360.0,0.0,360.0,0.0,1.0,0.0,40.0,0.0,7.0,0.0,0.0,0.0,0.8021276595744681,0.031796470597815436,0.185,0.18533419930519776,0.11428571428571428,0.1126872339638022,0.11428571428571428,0.1126872339638022,0.9225,0.029930474993446605,0.5183928571428571,0.059643035357589476,0.13993006993006993,0.13826003657928532,0.6132142857142857,0.11785173147750057,0.27384060266282323,0.10620935268531387,0.16630230472144533,0.033915698537202194,36.9,1.1972189997378648,3.1,1.1972189997378648,6.2,0.7888106377466155,0.8,0.7888106377466155
Thoracic Surgery,138,35,LightGBM,ADASYN,1.0,0.55,360.0,0.0,63.0,0.0,360.0,0.0,360.0,0.0,368.4,6.040603354706287,1.0233333333333332,0.01677945376307311,40.0,0.0,7.0,0.0,0.0,0.0,0.8021276595744681,0.03334087737175367,0.19095238095238093,0.15523858213965908,0.11428571428571428,0.09035079029052512,0.11428571428571428,0.09035079029052512,0.9225,0.03987828704668465,0.5183928571428572,0.04474234945180153,0.13967032967032966,0.10948753419923796,0.6075,0.11338246734053177,0.27025678145562304,0.0941373507277642,0.16747396912615725,0.030371320097663104,36.9,1.5951314818673867,3.1,1.5951314818673865,6.2,0.6324555320336759,0.8,0.6324555320336759
Thoracic Surgery,25,7,Random Forest,SMOTE,0.5,0.5,360.0,0.0,63.0,0.0,212.0,0.0,360.0,0.0,212.0,0.0,0.5888888888888889,0.0,40.0,0.0,7.0,0.0,0.0,0.0,0.8191489361702129,0.039167946869458396,0.275,0.351473968619703,0.1,0.11761037176408065,0.1,0.11761037176408065,0.945,0.03291402943021912,0.5225,0.06783729868568263,0.13954545454545456,0.16092093205303995,0.6548214285714286,0.09837486872122558,0.310952982290925,0.13640725723432098,0.13829028368794324,0.025300024052717775,37.8,1.3165611772087666,2.2,1.3165611772087666,6.3,0.8232726023485645,0.7,0.8232726023485646
Thoracic Surgery,75,19,XGBoost,SMOTE,1.0,0.6,360.0,0.0,63.0,0.0,360.0,0.0,360.0,0.0,360.0,0.0,1.0,0.0,40.0,0.0,7.0,0.0,0.0,0.0,0.8170212765957446,0.04159681786841188,0.23666666666666666,0.2847784497325926,0.1,0.11761037176408065,0.1,0.11761037176408065,0.9425000000000001,0.03545341231030441,0.52125,0.06916784483874848,0.1388888888888889,0.16474197308358685,0.5885714285714285,0.12759550244776635,0.26316200773653725,0.12257675068909732,0.15876567802793462,0.034692401472443526,37.7,1.418136492412176,2.3,1.4181364924121764,6.3,0.8232726023485646,0.7,0.8232726023485646
Thoracic Surgery,113,29,XGBoost,ADASYN,0.75,0.5,360.0,0.0,63.0,0.0,286.0,0.0,360.0,0.0,274.9,6.34997812769636,0.7636111111111111,0.01763882813248991,40.0,0.0,7.0,0.0,0.0,0.0,0.7914893617021276,0.04463016375192134,0.19523809523809524,0.1734449318050506,0.11428571428571428,0.09035079029052513,0.11428571428571428,0.09035079029052513,0.9099999999999999,0.05163977794943222,0.5121428571428571,0.049692934659788794,0.13694749694749694,0.10593292880372746,0.585,0.1467987963891911,0.2713456829454891,0.11865805224026667,0.15518323772267925,0.03460472172633601,36.4,2.065591117977288,3.6,2.065591117977289,6.2,0.6324555320336759,0.8,0.6324555320336759
Thoracic Surgery,23,6,Logistic Regression,SMOTE,0.5,0.6,360.0,0.0,63.0,0.0,212.0,0.0,360.0,0.0,212.0,0.0,0.5888888888888889,0.0,40.0,0.0,7.0,0.0,0.0,0.0,0.7914893617021276,0.051923419057370565,0.24499999999999997,0.2943972708542315,0.11428571428571428,0.09035079029052512,0.11428571428571428,0.09035079029052512,0.9099999999999999,0.06687467549246293,0.5121428571428571,0.041596880333923336,0.1362857318120476,0.09751785634501178,0.6310714285714286,0.0957730511379012,0.3048505976063775,0.11638174573504534,0.1796851361286616,0.030463546582937946,36.4,2.6749870196985186,3.6,2.6749870196985173,6.2,0.6324555320336758,0.8,0.6324555320336759
Thoracic Surgery,30,8,MLP,SMOTE,0.5,0.55,360.0,0.0,63.0,0.0,212.0,0.0,360.0,0.0,212.0,0.0,0.5888888888888889,0.0,40.0,0.0,7.0,0.0,0.0,0.0,0.7531914893617021,0.04831031593170609,0.13477272727272727,0.1251080799966204,0.14285714285714285,0.1649572197684645,0.14285714285714285,0.1649572197684645,0.86,0.057975090436420275,0.5014285714285714,0.07908293101121294,0.133475935828877,0.13495329038786874,0.5271428571428571,0.09990358163540868,0.20209465373154,0.052460780558399776,0.20854517591157404,0.03689313875540087,34.4,2.319003617456811,5.6,2.3190036174568114,6.0,1.1547005383792515,1.0,1.1547005383792515
Thoracic Surgery,29,8,MLP,SMOTE,0.5,0.5,360.0,0.0,63.0,0.0,212.0,0.0,360.0,0.0,212.0,0.0,0.5888888888888889,0.0,40.0,0.0,7.0,0.0,0.0,0.0,0.7510638297872341,0.046017384957470445,0.13477272727272727,0.1251080799966204,0.14285714285714285,0.1649572197684645,0.14285714285714285,0.1649572197684645,0.8574999999999999,0.05407042732502779,0.5001785714285714,0.07964388034078303,0.133475935828877,0.13495329038786874,0.5271428571428571,0.09990358163540868,0.20209465373154,0.052460780558399776,0.20854517591157404,0.03689313875540087,34.3,2.1628170930011112,5.7,2.1628170930011112,6.0,1.1547005383792515,1.0,1.1547005383792515
Thoracic Surgery,135,34,XGBoost,ADASYN,1.0,0.6,360.0,0.0,63.0,0.0,360.0,0.0,360.0,0.0,368.4,6.040603354706287,1.0233333333333332,0.01677945376307311,40.0,0.0,7.0,0.0,0.0,0.0,0.8170212765957446,0.03644037610968831,0.26261904761904764,0.3044725188571688,0.1,0.06900655593423542,0.1,0.06900655593423542,0.9425000000000001,0.04721405158071762,0.52125,0.03120830551845668,0.13302308802308802,0.09658207024651888,0.5817857142857144,0.12411192465379725,0.24443470599037878,0.08917051361663617,0.15841274243785436,0.027613780444384978,37.7,1.8885620632287068,2.3,1.888562063228706,6.3,0.4830458915396479,0.7,0.48304589153964794
Thoracic Surgery,24,6,Logistic Regression,SMOTE,0.5,0.65,360.0,0.0,63.0,0.0,212.0,0.0,360.0,0.0,212.0,0.0,0.5888888888888889,0.0,40.0,0.0,7.0,0.0,0.0,0.0,0.8170212765957446,0.041596817868411885,0.3055555555555556,0.38954970311041903,0.1,0.09642122253007898,0.1,0.09642122253007898,0.9425000000000001,0.055339859052946645,0.52125,0.041483013626075094,0.13038461538461538,0.11603024498586259,0.6310714285714286,0.0957730511379012,0.3048505976063775,0.11638174573504534,0.1796851361286616,0.030463546582937946,37.7,2.2135943621178655,2.3,2.2135943621178655,6.3,0.6749485577105528,0.7,0.6749485577105528
Thoracic Surgery,12,3,MLP,Baseline,0.0,0.65,360.0,0.0,63.0,0.0,63.0,0.0,360.0,0.0,63.0,0.0,0.175,0.0,40.0,0.0,7.0,0.0,0.0,0.0,0.8106382978723404,0.03393896769930611,0.19833333333333333,0.24751231419671293,0.1,0.11761037176408065,0.1,0.11761037176408065,0.9349999999999999,0.03162277660168375,0.5175,0.0628183502228175,0.1291219891219891,0.15293260560173663,0.5578571428571428,0.10229509134990647,0.2429490168598348,0.08568910512705319,0.1736952529568523,0.03409995103216753,37.4,1.2649110640673524,2.6,1.264911064067352,6.3,0.8232726023485645,0.7,0.8232726023485646
Thoracic Surgery,139,35,LightGBM,ADASYN,1.0,0.6,360.0,0.0,63.0,0.0,360.0,0.0,360.0,0.0,368.4,6.040603354706287,1.0233333333333332,0.01677945376307311,40.0,0.0,7.0,0.0,0.0,0.0,0.8063829787234041,0.0381267519311081,0.24,0.3094399560815524,0.1,0.09642122253007898,0.1,0.09642122253007898,0.93,0.04216370213557839,0.5149999999999999,0.05185887005737899,0.1291025641025641,0.12214457218988638,0.6075,0.11338246734053177,0.27025678145562304,0.0941373507277642,0.16747396912615725,0.030371320097663104,37.2,1.6865480854231356,2.8,1.6865480854231356,6.3,0.674948557710553,0.7,0.674948557710553
Thoracic Surgery,93,24,XGBoost,ADASYN,0.5,0.5,360.0,0.0,63.0,0.0,212.0,0.0,360.0,0.0,209.6,2.4129281427805123,0.5822222222222222,0.006702578174390343,40.0,0.0,7.0,0.0,0.0,0.0,0.7957446808510638,0.04278894504680386,0.18214285714285713,0.21980330312234178,0.11428571428571428,0.14754222271266348,0.11428571428571428,0.14754222271266348,0.915,0.050277010429994495,0.5146428571428572,0.07156633540158244,0.12825396825396823,0.152558685296307,0.6085714285714285,0.12657399044309747,0.2564215656447085,0.08430535257101239,0.1518790300496455,0.028214756539735816,36.6,2.0110804171997816,3.4,2.0110804171997807,6.2,1.0327955589886444,0.8,1.0327955589886444
Thoracic Surgery,31,8,MLP,SMOTE,0.5,0.6,360.0,0.0,63.0,0.0,212.0,0.0,360.0,0.0,212.0,0.0,0.5888888888888889,0.0,40.0,0.0,7.0,0.0,0.0,0.0,0.7617021276595745,0.04111028864167216,0.13334415584415585,0.1230768411163329,0.12857142857142856,0.14206127514453618,0.12857142857142856,0.14206127514453618,0.8724999999999999,0.0506211418282915,0.5005357142857143,0.06690036631891819,0.12675324675324676,0.12403901407775958,0.5271428571428571,0.09990358163540868,0.20209465373154,0.052460780558399776,0.20854517591157404,0.03689313875540087,34.9,2.0248456731316584,5.1,2.024845673131659,6.1,0.9944289260117531,0.9,0.9944289260117533
Thoracic Surgery,134,34,XGBoost,ADASYN,1.0,0.55,360.0,0.0,63.0,0.0,360.0,0.0,360.0,0.0,368.4,6.040603354706287,1.0233333333333332,0.01677945376307311,40.0,0.0,7.0,0.0,0.0,0.0,0.8063829787234041,0.03242306227138288,0.19261904761904763,0.16729454670285274,0.1,0.06900655593423542,0.1,0.06900655593423542,0.93,0.04216370213557838,0.515,0.030988989340045608,0.12674103674103673,0.0904692970898981,0.5817857142857144,0.12411192465379725,0.24443470599037878,0.08917051361663617,0.15841274243785436,0.027613780444384978,37.2,1.6865480854231358,2.8,1.6865480854231356,6.3,0.4830458915396479,0.7,0.48304589153964794
Thoracic Surgery,118,30,LightGBM,ADASYN,0.75,0.55,360.0,0.0,63.0,0.0,286.0,0.0,360.0,0.0,274.9,6.34997812769636,0.7636111111111111,0.01763882813248991,40.0,0.0,7.0,0.0,0.0,0.0,0.7914893617021277,0.05192341905737055,0.20249999999999999,0.21198830913490618,0.1,0.09642122253007898,0.1,0.09642122253007898,0.9125,0.055590266933859725,0.50625,0.05994050574548851,0.1264957264957265,0.1207896573129837,0.604642857142857,0.11277586484532041,0.26393292564282184,0.09310006386449489,0.16998484183842727,0.037231471924425774,36.5,2.2236106773543884,3.5,2.223610677354389,6.3,0.6749485577105528,0.7,0.6749485577105528
Thoracic Surgery,114,29,XGBoost,ADASYN,0.75,0.55,360.0,0.0,63.0,0.0,286.0,0.0,360.0,0.0,274.9,6.34997812769636,0.7636111111111111,0.01763882813248991,40.0,0.0,7.0,0.0,0.0,0.0,0.8085106382978724,0.04371924824800692,0.1976190476190476,0.21995727842830137,0.1,0.09642122253007898,0.1,0.09642122253007898,0.9324999999999999,0.05277046732995856,0.51625,0.049044512731037944,0.12586302586302586,0.1248676035003524,0.585,0.1467987963891911,0.2713456829454891,0.11865805224026667,0.15518323772267925,0.03460472172633601,37.3,2.110818693198342,2.7,2.110818693198342,6.3,0.6749485577105528,0.7,0.6749485577105528
Thoracic Surgery,55,14,XGBoost,SMOTE,0.75,0.6,360.0,0.0,63.0,0.0,286.0,0.0,360.0,0.0,286.0,0.0,0.7944444444444444,0.0,40.0,0.0,7.0,0.0,0.0,0.0,0.823404255319149,0.04018217155805759,0.29166666666666663,0.3315926773975923,0.08571428571428572,0.07377111135633174,0.08571428571428572,0.07377111135633174,0.9525,0.044798933519052044,0.5191071428571428,0.044064105666213924,0.12523310023310025,0.11082586165348406,0.6035714285714285,0.13921956100994018,0.27531898105718366,0.12540249509015364,0.15182818398862918,0.031286684199491314,38.1,1.7919573407620821,1.9,1.7919573407620815,6.4,0.5163977794943223,0.6,0.5163977794943222
Thoracic Surgery,117,30,LightGBM,ADASYN,0.75,0.5,360.0,0.0,63.0,0.0,286.0,0.0,360.0,0.0,274.9,6.34997812769636,0.7636111111111111,0.01763882813248991,40.0,0.0,7.0,0.0,0.0,0.0,0.7872340425531915,0.052116803037939946,0.19345238095238093,0.20656372396539768,0.1,0.09642122253007898,0.1,0.09642122253007898,0.9075,0.057795136281332336,0.5037499999999999,0.05777459572826644,0.12283272283272284,0.11582896939974424,0.604642857142857,0.11277586484532041,0.26393292564282184,0.09310006386449489,0.16998484183842727,0.037231471924425774,36.3,2.3118054512532935,3.7,2.3118054512532935,6.3,0.6749485577105528,0.7,0.6749485577105528
Thoracic Surgery,11,3,MLP,Baseline,0.0,0.6,360.0,0.0,63.0,0.0,63.0,0.0,360.0,0.0,63.0,0.0,0.175,0.0,40.0,0.0,7.0,0.0,0.0,0.0,0.8021276595744681,0.026631182064565374,0.16499999999999998,0.1941187748916423,0.1,0.11761037176408065,0.1,0.11761037176408065,0.925,0.028867513459481246,0.5125,0.0571800474215373,0.1198912198912199,0.13668935892761735,0.5578571428571428,0.10229509134990647,0.2429490168598348,0.08568910512705319,0.1736952529568523,0.03409995103216753,37.0,1.1547005383792517,3.0,1.1547005383792515,6.3,0.8232726023485645,0.7,0.8232726023485646
Thoracic Surgery,79,20,LightGBM,SMOTE,1.0,0.6,360.0,0.0,63.0,0.0,360.0,0.0,360.0,0.0,360.0,0.0,1.0,0.0,40.0,0.0,7.0,0.0,0.0,0.0,0.8085106382978724,0.042553191489361694,0.25,0.3356401659331826,0.08571428571428572,0.09988655696858585,0.08571428571428572,0.09988655696858585,0.9349999999999999,0.04116363011742823,0.5103571428571428,0.06026796737203323,0.11897047397047397,0.13590970176052866,0.6132142857142857,0.11785173147750057,0.27384060266282323,0.10620935268531387,0.16630230472144533,0.033915698537202194,37.4,1.646545204697129,2.6,1.6465452046971292,6.4,0.699205898780101,0.6,0.6992058987801011
Thoracic Surgery,120,30,LightGBM,ADASYN,0.75,0.65,360.0,0.0,63.0,0.0,286.0,0.0,360.0,0.0,274.9,6.34997812769636,0.7636111111111111,0.01763882813248991,40.0,0.0,7.0,0.0,0.0,0.0,0.8106382978723404,0.043081822832588504,0.2592857142857143,0.3249986917817731,0.08571428571428572,0.07377111135633174,0.08571428571428572,0.07377111135633174,0.9375,0.048947250518628034,0.5116071428571429,0.04426626877228764,0.11857864357864359,0.10640607608591243,0.604642857142857,0.11277586484532041,0.26393292564282184,0.09310006386449489,0.16998484183842727,0.037231471924425774,37.5,1.9578900207451218,2.5,1.9578900207451218,6.4,0.5163977794943223,0.6,0.5163977794943222
Thoracic Surgery,10,3,MLP,Baseline,0.0,0.55,360.0,0.0,63.0,0.0,63.0,0.0,360.0,0.0,63.0,0.0,0.175,0.0,40.0,0.0,7.0,0.0,0.0,0.0,0.8,0.022871653186662535,0.14833333333333334,0.16748871345795951,0.1,0.11761037176408065,0.1,0.11761037176408065,0.9225,0.024860723150293782,0.51125,0.05618019730439721,0.11766899766899767,0.13501120426459548,0.5578571428571428,0.10229509134990647,0.2429490168598348,0.08568910512705319,0.1736952529568523,0.03409995103216753,36.9,0.9944289260117536,3.1,0.9944289260117533,6.3,0.8232726023485645,0.7,0.8232726023485646
Thoracic Surgery,33,9,XGBoost,SMOTE,0.5,0.5,360.0,0.0,63.0,0.0,212.0,0.0,360.0,0.0,212.0,0.0,0.5888888888888889,0.0,40.0,0.0,7.0,0.0,0.0,0.0,0.8021276595744681,0.04018217155805755,0.17083333333333334,0.17835193741657787,0.1,0.09642122253007898,0.1,0.09642122253007898,0.925,0.055277079839256664,0.5125,0.03874080975064996,0.11760683760683761,0.10730359912816186,0.6074999999999999,0.13459700916173228,0.26585917786697405,0.11348938954303311,0.15350229174966662,0.03047752356335055,37.0,2.2110831935702664,3.0,2.211083193570267,6.3,0.6749485577105525,0.7,0.6749485577105528
Thoracic Surgery,78,20,LightGBM,SMOTE,1.0,0.55,360.0,0.0,63.0,0.0,360.0,0.0,360.0,0.0,360.0,0.0,1.0,0.0,40.0,0.0,7.0,0.0,0.0,0.0,0.8063829787234041,0.039423949247339836,0.2,0.23306863292670035,0.08571428571428572,0.09988655696858585,0.08571428571428572,0.09988655696858585,0.9324999999999999,0.037360852952433146,0.5091071428571429,0.05897635148102674,0.11619269619269619,0.1331907778027925,0.6132142857142857,0.11785173147750057,0.27384060266282323,0.10620935268531387,0.16630230472144533,0.033915698537202194,37.3,1.494434118097326,2.7,1.4944341180973264,6.4,0.699205898780101,0.6,0.6992058987801011
Thoracic Surgery,140,35,LightGBM,ADASYN,1.0,0.65,360.0,0.0,63.0,0.0,360.0,0.0,360.0,0.0,368.4,6.040603354706287,1.0233333333333332,0.01677945376307311,40.0,0.0,7.0,0.0,0.0,0.0,0.8106382978723404,0.035389999857800426,0.24166666666666664,0.31537259954411045,0.08571428571428572,0.07377111135633174,0.08571428571428572,0.07377111135633174,0.9375,0.04124789556921527,0.5116071428571429,0.03984317684995258,0.11617327117327117,0.10398480446925193,0.6075,0.11338246734053177,0.27025678145562304,0.0941373507277642,0.16747396912615725,0.030371320097663104,37.5,1.6499158227686113,2.5,1.6499158227686108,6.4,0.5163977794943223,0.6,0.5163977794943222
Thoracic Surgery,136,34,XGBoost,ADASYN,1.0,0.65,360.0,0.0,63.0,0.0,360.0,0.0,360.0,0.0,368.4,6.040603354706287,1.0233333333333332,0.01677945376307311,40.0,0.0,7.0,0.0,0.0,0.0,0.8191489361702129,0.03211129481609014,0.24,0.314975993598258,0.08571428571428572,0.07377111135633174,0.08571428571428572,0.07377111135633174,0.9475,0.041583249832915475,0.5166071428571428,0.03343998668885152,0.11594017094017092,0.10364773582874733,0.5817857142857144,0.12411192465379725,0.24443470599037878,0.08917051361663617,0.15841274243785436,0.027613780444384978,37.9,1.6633299933166197,2.1,1.66332999331662,6.4,0.5163977794943222,0.6,0.5163977794943222
Thoracic Surgery,119,30,LightGBM,ADASYN,0.75,0.6,360.0,0.0,63.0,0.0,286.0,0.0,360.0,0.0,274.9,6.34997812769636,0.7636111111111111,0.01763882813248991,40.0,0.0,7.0,0.0,0.0,0.0,0.8063829787234041,0.044233946466702624,0.2092857142857143,0.21982393490763613,0.08571428571428572,0.07377111135633174,0.08571428571428572,0.07377111135633174,0.9324999999999999,0.05006939628599934,0.5091071428571429,0.04502180436722552,0.1158008658008658,0.102898836635579,0.604642857142857,0.11277586484532041,0.26393292564282184,0.09310006386449489,0.16998484183842727,0.037231471924425774,37.3,2.0027758514399734,2.7,2.0027758514399734,6.4,0.5163977794943223,0.6,0.5163977794943222
Thoracic Surgery,32,8,MLP,SMOTE,0.5,0.65,360.0,0.0,63.0,0.0,212.0,0.0,360.0,0.0,212.0,0.0,0.5888888888888889,0.0,40.0,0.0,7.0,0.0,0.0,0.0,0.772340425531915,0.03759534264027959,0.12107142857142857,0.13567720880332898,0.11428571428571428,0.14754222271266348,0.11428571428571428,0.14754222271266348,0.8875,0.048947250518628097,0.5008928571428571,0.06673704830736855,0.1135625159154571,0.13380298832250828,0.5271428571428571,0.09990358163540868,0.20209465373154,0.052460780558399776,0.20854517591157404,0.03689313875540087,35.5,1.9578900207451218,4.5,1.9578900207451215,6.2,1.0327955589886444,0.8,1.0327955589886444
Thoracic Surgery,126,32,Random Forest,ADASYN,1.0,0.55,360.0,0.0,63.0,0.0,360.0,0.0,360.0,0.0,368.4,6.040603354706287,1.0233333333333332,0.01677945376307311,40.0,0.0,7.0,0.0,0.0,0.0,0.8042553191489361,0.037259363224294205,0.16666666666666666,0.2187224409447725,0.08571428571428572,0.09988655696858587,0.08571428571428572,0.09988655696858587,0.93,0.036893239368631106,0.5078571428571428,0.0564955900994075,0.11174825174825176,0.13536273237518628,0.6316071428571428,0.083837970348219,0.2812739911380844,0.08833068557220258,0.14920463356973995,0.024574916897844065,37.2,1.4757295747452441,2.8,1.4757295747452437,6.4,0.6992058987801011,0.6,0.6992058987801011
Thoracic Surgery,45,12,Random Forest,SMOTE,0.75,0.5,360.0,0.0,63.0,0.0,286.0,0.0,360.0,0.0,286.0,0.0,0.7944444444444444,0.0,40.0,0.0,7.0,0.0,0.0,0.0,0.8042553191489361,0.04463016375192132,0.16999999999999998,0.2486755037651266,0.08571428571428572,0.12046772038736683,0.08571428571428572,0.12046772038736683,0.93,0.045338235029118164,0.5078571428571428,0.0670757009643876,0.10965811965811967,0.15332826729697493,0.6483928571428571,0.08900133282652543,0.28653559369114934,0.12298245617018047,0.14084591016548462,0.022868505553059585,37.2,1.8135294011647256,2.8,1.8135294011647258,6.4,0.8432740427115678,0.6,0.8432740427115678
Thoracic Surgery,76,19,XGBoost,SMOTE,1.0,0.65,360.0,0.0,63.0,0.0,360.0,0.0,360.0,0.0,360.0,0.0,1.0,0.0,40.0,0.0,7.0,0.0,0.0,0.0,0.8212765957446809,0.033566410116877256,0.27,0.34334951418181575,0.07142857142857142,0.07529232524210426,0.07142857142857142,0.07529232524210426,0.9525,0.03216709844269795,0.5119642857142856,0.04660413996286172,0.10833333333333332,0.11598123163053141,0.5885714285714285,0.12759550244776635,0.26316200773653725,0.12257675068909732,0.15876567802793462,0.034692401472443526,38.1,1.2866839377079187,1.9,1.286683937707919,6.5,0.5270462766947299,0.5,0.5270462766947299
Thoracic Surgery,99,25,LightGBM,ADASYN,0.5,0.6,360.0,0.0,63.0,0.0,212.0,0.0,360.0,0.0,209.6,2.4129281427805123,0.5822222222222222,0.006702578174390343,40.0,0.0,7.0,0.0,0.0,0.0,0.8,0.04394874719100614,0.2019047619047619,0.31697741048912786,0.08571428571428572,0.09988655696858587,0.08571428571428572,0.09988655696858587,0.925,0.051370116691408105,0.5053571428571428,0.05250931242319273,0.1069047619047619,0.12478477313740605,0.6185714285714285,0.09815185606025265,0.2807146317609313,0.09515783578872117,0.16613995106969434,0.038072565384733574,37.0,2.0548046676563256,3.0,2.0548046676563256,6.4,0.6992058987801009,0.6,0.6992058987801011
Thoracic Surgery,98,25,LightGBM,ADASYN,0.5,0.55,360.0,0.0,63.0,0.0,212.0,0.0,360.0,0.0,209.6,2.4129281427805123,0.5822222222222222,0.006702578174390343,40.0,0.0,7.0,0.0,0.0,0.0,0.7957446808510638,0.0503496151753159,0.2001190476190476,0.3173970423052124,0.08571428571428572,0.09988655696858587,0.08571428571428572,0.09988655696858587,0.9199999999999999,0.05868938953886339,0.5028571428571429,0.054756728533833114,0.10595238095238095,0.12451594358394895,0.6185714285714285,0.09815185606025265,0.2807146317609313,0.09515783578872117,0.16613995106969434,0.038072565384733574,36.8,2.347575581554535,3.2,2.3475755815545347,6.4,0.6992058987801009,0.6,0.6992058987801011
Thoracic Surgery,80,20,LightGBM,SMOTE,1.0,0.65,360.0,0.0,63.0,0.0,360.0,0.0,360.0,0.0,360.0,0.0,1.0,0.0,40.0,0.0,7.0,0.0,0.0,0.0,0.8063829787234041,0.040679802552340376,0.23333333333333334,0.3258417399692262,0.07142857142857142,0.07529232524210426,0.07142857142857142,0.07529232524210426,0.9349999999999999,0.04116363011742823,0.5032142857142856,0.04935668917623939,0.1026068376068376,0.11068961803463358,0.6132142857142857,0.11785173147750057,0.27384060266282323,0.10620935268531387,0.16630230472144533,0.033915698537202194,37.4,1.646545204697129,2.6,1.6465452046971292,6.5,0.5270462766947299,0.5,0.5270462766947299
Thoracic Surgery,95,24,XGBoost,ADASYN,0.5,0.6,360.0,0.0,63.0,0.0,212.0,0.0,360.0,0.0,209.6,2.4129281427805123,0.5822222222222222,0.006702578174390343,40.0,0.0,7.0,0.0,0.0,0.0,0.827659574468085,0.029155751476729764,0.18666666666666668,0.26583202716502513,0.07142857142857142,0.10101525445522107,0.07142857142857142,0.10101525445522107,0.96,0.029344694769431683,0.5157142857142858,0.052595609949320325,0.10111111111111111,0.14310394123593004,0.6085714285714285,0.12657399044309747,0.2564215656447085,0.08430535257101239,0.1518790300496455,0.028214756539735816,38.4,1.1737877907772665,1.6,1.1737877907772671,6.5,0.7071067811865475,0.5,0.7071067811865476
Thoracic Surgery,34,9,XGBoost,SMOTE,0.5,0.55,360.0,0.0,63.0,0.0,212.0,0.0,360.0,0.0,212.0,0.0,0.5888888888888889,0.0,40.0,0.0,7.0,0.0,0.0,0.0,0.8063829787234041,0.038126751931108115,0.15595238095238095,0.20206558060741853,0.08571428571428572,0.09988655696858587,0.08571428571428572,0.09988655696858587,0.9324999999999999,0.054070427325027794,0.5091071428571429,0.038460396481389394,0.10078144078144077,0.1117459208644556,0.6074999999999999,0.13459700916173228,0.26585917786697405,0.11348938954303311,0.15350229174966662,0.03047752356335055,37.3,2.1628170930011126,2.7,2.1628170930011112,6.4,0.6992058987801009,0.6,0.6992058987801011
Thoracic Surgery,66,17,Random Forest,SMOTE,1.0,0.55,360.0,0.0,63.0,0.0,360.0,0.0,360.0,0.0,360.0,0.0,1.0,0.0,40.0,0.0,7.0,0.0,0.0,0.0,0.8127659574468085,0.03445378099713792,0.15833333333333333,0.32022850637676886,0.07142857142857142,0.12140522651411392,0.07142857142857142,0.12140522651411392,0.9425000000000001,0.03343733774623144,0.5069642857142858,0.06374580373899966,0.0933954933954934,0.1626298079088898,0.63125,0.08250974827310227,0.286045611706335,0.12893433215680156,0.14789205673758868,0.024908470453151466,37.7,1.3374935098492604,2.3,1.3374935098492586,6.5,0.8498365855987975,0.5,0.8498365855987975
Thoracic Surgery,100,25,LightGBM,ADASYN,0.5,0.65,360.0,0.0,63.0,0.0,212.0,0.0,360.0,0.0,209.6,2.4129281427805123,0.5822222222222222,0.006702578174390343,40.0,0.0,7.0,0.0,0.0,0.0,0.8063829787234041,0.03812675193110813,0.1742857142857143,0.3191400008398421,0.07142857142857142,0.10101525445522107,0.07142857142857142,0.10101525445522107,0.9349999999999999,0.04594682917363408,0.5032142857142857,0.04983532974409772,0.08928571428571427,0.12564396983323464,0.6185714285714285,0.09815185606025265,0.2807146317609313,0.09515783578872117,0.16613995106969434,0.038072565384733574,37.4,1.837873166945363,2.6,1.837873166945363,6.5,0.7071067811865472,0.5,0.7071067811865476
Thoracic Surgery,94,24,XGBoost,ADASYN,0.5,0.55,360.0,0.0,63.0,0.0,212.0,0.0,360.0,0.0,209.6,2.4129281427805123,0.5822222222222222,0.006702578174390343,40.0,0.0,7.0,0.0,0.0,0.0,0.8063829787234041,0.03083271648125409,0.14523809523809522,0.2104147723360543,0.07142857142857142,0.10101525445522107,0.07142857142857142,0.10101525445522107,0.9349999999999999,0.03944053188733077,0.5032142857142856,0.04632772931410907,0.08840048840048839,0.11828414974064008,0.6085714285714285,0.12657399044309747,0.2564215656447085,0.08430535257101239,0.1518790300496455,0.028214756539735816,37.4,1.5776212754932306,2.6,1.577621275493231,6.5,0.7071067811865475,0.5,0.7071067811865476
Thoracic Surgery,86,22,Random Forest,ADASYN,0.5,0.55,360.0,0.0,63.0,0.0,212.0,0.0,360.0,0.0,209.6,2.4129281427805123,0.5822222222222222,0.006702578174390343,40.0,0.0,7.0,0.0,0.0,0.0,0.8297872340425532,0.028368794326241165,0.2583333333333333,0.40909792362111924,0.05714285714285714,0.07377111135633174,0.05714285714285714,0.07377111135633174,0.9650000000000001,0.02934469476943169,0.5110714285714286,0.04116879418336746,0.08818181818181818,0.11561310991653587,0.6476785714285713,0.09287640978381469,0.3022166064546904,0.14776641978170704,0.13988295508274232,0.023604683601946064,38.6,1.1737877907772676,1.4,1.1737877907772674,6.6,0.5163977794943223,0.4,0.5163977794943222
Thoracic Surgery,46,12,Random Forest,SMOTE,0.75,0.55,360.0,0.0,63.0,0.0,286.0,0.0,360.0,0.0,286.0,0.0,0.7944444444444444,0.0,40.0,0.0,7.0,0.0,0.0,0.0,0.8191489361702129,0.035104591973800246,0.2533333333333333,0.40951642665918014,0.05714285714285714,0.07377111135633174,0.05714285714285714,0.07377111135633174,0.9525,0.03622844186547361,0.5048214285714285,0.044789837409253797,0.08666666666666667,0.11434191739722607,0.6483928571428571,0.08900133282652543,0.28653559369114934,0.12298245617018047,0.14084591016548462,0.022868505553059585,38.1,1.4491376746189437,1.9,1.449137674618944,6.6,0.5163977794943223,0.4,0.5163977794943222
Thoracic Surgery,56,14,XGBoost,SMOTE,0.75,0.65,360.0,0.0,63.0,0.0,286.0,0.0,360.0,0.0,286.0,0.0,0.7944444444444444,0.0,40.0,0.0,7.0,0.0,0.0,0.0,0.825531914893617,0.02975344250128088,0.175,0.23717082451262844,0.05714285714285714,0.07377111135633174,0.05714285714285714,0.07377111135633174,0.96,0.03162277660168378,0.5085714285714286,0.04110850638313383,0.08484848484848484,0.11015814166560824,0.6035714285714285,0.13921956100994018,0.27531898105718366,0.12540249509015364,0.15182818398862918,0.031286684199491314,38.4,1.2649110640673522,1.6,1.2649110640673518,6.6,0.5163977794943223,0.4,0.5163977794943222
Thoracic Surgery,67,17,Random Forest,SMOTE,1.0,0.6,360.0,0.0,63.0,0.0,360.0,0.0,360.0,0.0,360.0,0.0,1.0,0.0,40.0,0.0,7.0,0.0,0.0,0.0,0.823404255319149,0.03334087737175365,0.16666666666666666,0.32394177193585005,0.05714285714285714,0.09988655696858587,0.05714285714285714,0.09988655696858587,0.9574999999999999,0.028987545218210144,0.5073214285714285,0.057096024955855154,0.08444444444444445,0.1513723232526791,0.63125,0.08250974827310227,0.286045611706335,0.12893433215680156,0.14789205673758868,0.024908470453151466,38.3,1.1595018087284066,1.7,1.1595018087284057,6.6,0.6992058987801011,0.4,0.6992058987801011
Thoracic Surgery,115,29,XGBoost,ADASYN,0.75,0.6,360.0,0.0,63.0,0.0,286.0,0.0,360.0,0.0,274.9,6.34997812769636,0.7636111111111111,0.01763882813248991,40.0,0.0,7.0,0.0,0.0,0.0,0.8148936170212766,0.034816844563499524,0.15333333333333332,0.214993539954628,0.05714285714285714,0.07377111135633174,0.05714285714285714,0.07377111135633174,0.9475,0.038097098168874854,0.5023214285714286,0.04245888033467648,0.0811111111111111,0.10580542226168071,0.585,0.1467987963891911,0.2713456829454891,0.11865805224026667,0.15518323772267925,0.03460472172633601,37.9,1.5238839267549957,2.1,1.5238839267549946,6.6,0.5163977794943223,0.4,0.5163977794943222
Thoracic Surgery,19,5,LightGBM,Baseline,0.0,0.6,360.0,0.0,63.0,0.0,63.0,0.0,360.0,0.0,63.0,0.0,0.175,0.0,40.0,0.0,7.0,0.0,0.0,0.0,0.8361702127659575,0.026631182064565384,0.25,0.42491829279939874,0.04285714285714286,0.06900655593423542,0.04285714285714286,0.06900655593423542,0.975,0.02357022603955162,0.5089285714285714,0.04154744849194082,0.07222222222222222,0.11653431646335018,0.5860714285714286,0.12602696054646598,0.25239430697672405,0.09901198596660064,0.15053979510785673,0.024014642404622522,39.0,0.9428090415820635,1.0,0.9428090415820634,6.7,0.483045891539648,0.3,0.48304589153964794
Thoracic Surgery,128,32,Random Forest,ADASYN,1.0,0.65,360.0,0.0,63.0,0.0,360.0,0.0,360.0,0.0,368.4,6.040603354706287,1.0233333333333332,0.01677945376307311,40.0,0.0,7.0,0.0,0.0,0.0,0.8382978723404255,0.024974208314409996,0.2333333333333333,0.41722185234485754,0.04285714285714286,0.06900655593423542,0.04285714285714286,0.06900655593423542,0.9775,0.02486072315029385,0.5101785714285714,0.03852114962269385,0.06999999999999999,0.11352924243950933,0.6316071428571428,0.083837970348219,0.2812739911380844,0.08833068557220258,0.14920463356973995,0.024574916897844065,39.1,0.9944289260117546,0.9,0.9944289260117533,6.7,0.4830458915396479,0.3,0.48304589153964794
Thoracic Surgery,18,5,LightGBM,Baseline,0.0,0.55,360.0,0.0,63.0,0.0,63.0,0.0,360.0,0.0,63.0,0.0,0.175,0.0,40.0,0.0,7.0,0.0,0.0,0.0,0.825531914893617,0.026154736049057846,0.18333333333333332,0.3374742788552765,0.04285714285714286,0.06900655593423542,0.04285714285714286,0.06900655593423542,0.9625,0.02429563289518875,0.5026785714285714,0.04044335152456682,0.06722222222222222,0.10888038515547664,0.5860714285714286,0.12602696054646598,0.25239430697672405,0.09901198596660064,0.15053979510785673,0.024014642404622522,38.5,0.9718253158075498,1.5,0.97182531580755,6.7,0.483045891539648,0.3,0.48304589153964794
Thoracic Surgery,17,5,LightGBM,Baseline,0.0,0.5,360.0,0.0,63.0,0.0,63.0,0.0,360.0,0.0,63.0,0.0,0.175,0.0,40.0,0.0,7.0,0.0,0.0,0.0,0.8212765957446809,0.0320328788386843,0.18333333333333332,0.3374742788552765,0.04285714285714286,0.06900655593423542,0.04285714285714286,0.06900655593423542,0.9574999999999999,0.031291638925864305,0.5001785714285714,0.04303410884181898,0.06722222222222222,0.10888038515547664,0.5860714285714286,0.12602696054646598,0.25239430697672405,0.09901198596660064,0.15053979510785673,0.024014642404622522,38.3,1.251665557034572,1.7,1.2516655570345725,6.7,0.483045891539648,0.3,0.48304589153964794
Thoracic Surgery,1,1,Logistic Regression,Baseline,0.0,0.5,360.0,0.0,63.0,0.0,63.0,0.0,360.0,0.0,63.0,0.0,0.175,0.0,40.0,0.0,7.0,0.0,0.0,0.0,0.8382978723404255,0.02287165318666258,0.175,0.33437337746231466,0.04285714285714286,0.06900655593423542,0.04285714285714286,0.06900655593423542,0.9775,0.027512623365365294,0.5101785714285715,0.0334929215454668,0.0654040404040404,0.10654351342543292,0.6632142857142858,0.04647586114247095,0.3010124443653618,0.07095933908377282,0.12794495793878816,0.010798523291669176,39.1,1.1005049346146112,0.9,1.1005049346146119,6.7,0.4830458915396479,0.3,0.48304589153964794
Thoracic Surgery,26,7,Random Forest,SMOTE,0.5,0.55,360.0,0.0,63.0,0.0,212.0,0.0,360.0,0.0,212.0,0.0,0.5888888888888889,0.0,40.0,0.0,7.0,0.0,0.0,0.0,0.825531914893617,0.03139850159032435,0.16666666666666666,0.3600411499115478,0.04285714285714286,0.09642122253007898,0.04285714285714286,0.09642122253007898,0.9625,0.0270030862433661,0.5026785714285714,0.05479586162519177,0.065,0.14151953143569185,0.6548214285714286,0.09837486872122558,0.310952982290925,0.13640725723432098,0.13829028368794324,0.025300024052717775,38.5,1.0801234497346432,1.5,1.0801234497346435,6.7,0.6749485577105528,0.3,0.6749485577105528
Thoracic Surgery,96,24,XGBoost,ADASYN,0.5,0.65,360.0,0.0,63.0,0.0,212.0,0.0,360.0,0.0,209.6,2.4129281427805123,0.5822222222222222,0.006702578174390343,40.0,0.0,7.0,0.0,0.0,0.0,0.8319148936170212,0.018629681612147123,0.125,0.21245914639969934,0.04285714285714286,0.06900655593423542,0.04285714285714286,0.06900655593423542,0.97,0.02297341458681706,0.5064285714285715,0.03232093527642506,0.06262626262626263,0.10143569152319483,0.6085714285714285,0.12657399044309747,0.2564215656447085,0.08430535257101239,0.1518790300496455,0.028214756539735816,38.8,0.9189365834726808,1.2,0.9189365834726815,6.7,0.48304589153964794,0.3,0.48304589153964794
Thoracic Surgery,127,32,Random Forest,ADASYN,1.0,0.6,360.0,0.0,63.0,0.0,360.0,0.0,360.0,0.0,368.4,6.040603354706287,1.0233333333333332,0.01677945376307311,40.0,0.0,7.0,0.0,0.0,0.0,0.8148936170212766,0.031796470597815436,0.12,0.20976176963403032,0.04285714285714286,0.06900655593423542,0.04285714285714286,0.06900655593423542,0.95,0.035355339059327355,0.49642857142857144,0.03876823687603281,0.0611111111111111,0.09955318559789342,0.6316071428571428,0.083837970348219,0.2812739911380844,0.08833068557220258,0.14920463356973995,0.024574916897844065,38.0,1.4142135623730956,2.0,1.4142135623730951,6.7,0.4830458915396479,0.3,0.48304589153964794
Thoracic Surgery,35,9,XGBoost,SMOTE,0.5,0.6,360.0,0.0,63.0,0.0,212.0,0.0,360.0,0.0,212.0,0.0,0.5888888888888889,0.0,40.0,0.0,7.0,0.0,0.0,0.0,0.8170212765957446,0.02872121522172565,0.08666666666666667,0.1642040284614326,0.04285714285714286,0.06900655593423542,0.04285714285714286,0.06900655593423542,0.9525,0.03987828704668465,0.49767857142857147,0.027108504786248027,0.05427350427350427,0.08905241915683025,0.6074999999999999,0.13459700916173228,0.26585917786697405,0.11348938954303311,0.15350229174966662,0.03047752356335055,38.1,1.595131481867387,1.9,1.5951314818673865,6.7,0.4830458915396479,0.3,0.48304589153964794
Thoracic Surgery,5,2,Random Forest,Baseline,0.0,0.5,360.0,0.0,63.0,0.0,63.0,0.0,360.0,0.0,63.0,0.0,0.175,0.0,40.0,0.0,7.0,0.0,0.0,0.0,0.8468085106382979,0.016783205058438645,0.2,0.42163702135578396,0.02857142857142857,0.06023386019368342,0.02857142857142857,0.06023386019368342,0.99,0.01290994448735806,0.5092857142857142,0.0332780153232562,0.05,0.10540925533894599,0.655,0.07689315112116557,0.31988209779929994,0.1230691571489514,0.12705754137115838,0.012287048119336985,39.6,0.5163977794943221,0.4,0.5163977794943222,6.8,0.4216370213557842,0.2,0.42163702135578396
Thoracic Surgery,108,27,Random Forest,ADASYN,0.75,0.65,360.0,0.0,63.0,0.0,286.0,0.0,360.0,0.0,274.9,6.34997812769636,0.7636111111111111,0.01763882813248991,40.0,0.0,7.0,0.0,0.0,0.0,0.8425531914893616,0.02055514432083612,0.2,0.42163702135578396,0.02857142857142857,0.06023386019368342,0.02857142857142857,0.06023386019368342,0.985,0.017480147469502556,0.5067857142857143,0.03495015887577875,0.05,0.10540925533894599,0.6507142857142857,0.10095982115439958,0.30803545511445507,0.14400769580992434,0.14127938534278958,0.02630984055553279,39.4,0.6992058987800993,0.6,0.6992058987801011,6.8,0.4216370213557842,0.2,0.42163702135578396
Thoracic Surgery,88,22,Random Forest,ADASYN,0.5,0.65,360.0,0.0,63.0,0.0,212.0,0.0,360.0,0.0,209.6,2.4129281427805123,0.5822222222222222,0.006702578174390343,40.0,0.0,7.0,0.0,0.0,0.0,0.8404255319148936,0.02507470855271442,0.2,0.42163702135578396,0.02857142857142857,0.06023386019368342,0.02857142857142857,0.06023386019368342,0.9824999999999999,0.023717082451262854,0.5055357142857143,0.03640648645826493,0.05,0.10540925533894599,0.6476785714285713,0.09287640978381469,0.3022166064546904,0.14776641978170704,0.13988295508274232,0.023604683601946064,39.3,0.9486832980505138,0.7,0.9486832980505138,6.8,0.4216370213557842,0.2,0.42163702135578396
Thoracic Surgery,87,22,Random Forest,ADASYN,0.5,0.6,360.0,0.0,63.0,0.0,212.0,0.0,360.0,0.0,209.6,2.4129281427805123,0.5822222222222222,0.006702578174390343,40.0,0.0,7.0,0.0,0.0,0.0,0.8382978723404255,0.02691300136313518,0.2,0.42163702135578396,0.02857142857142857,0.06023386019368342,0.02857142857142857,0.06023386019368342,0.9800000000000001,0.0258198889747161,0.5042857142857142,0.0372982099112683,0.05,0.10540925533894599,0.6476785714285713,0.09287640978381469,0.3022166064546904,0.14776641978170704,0.13988295508274232,0.023604683601946064,39.2,1.0327955589886464,0.8,1.0327955589886444,6.8,0.4216370213557842,0.2,0.42163702135578396
Thoracic Surgery,20,5,LightGBM,Baseline,0.0,0.65,360.0,0.0,63.0,0.0,63.0,0.0,360.0,0.0,63.0,0.0,0.175,0.0,40.0,0.0,7.0,0.0,0.0,0.0,0.8382978723404255,0.024974208314409954,0.2,0.42163702135578396,0.02857142857142857,0.06023386019368342,0.02857142857142857,0.06023386019368342,0.9800000000000001,0.022973414586817065,0.5042857142857142,0.03682980098185182,0.05,0.10540925533894599,0.5860714285714286,0.12602696054646598,0.25239430697672405,0.09901198596660064,0.15053979510785673,0.024014642404622522,39.2,0.9189365834726834,0.8,0.9189365834726815,6.8,0.4216370213557842,0.2,0.42163702135578396
Thoracic Surgery,28,7,Random Forest,SMOTE,0.5,0.65,360.0,0.0,63.0,0.0,212.0,0.0,360.0,0.0,212.0,0.0,0.5888888888888889,0.0,40.0,0.0,7.0,0.0,0.0,0.0,0.8404255319148936,0.022981349994354125,0.15,0.3374742788552764,0.02857142857142857,0.06023386019368342,0.02857142857142857,0.06023386019368342,0.9824999999999999,0.023717082451262847,0.5055357142857143,0.03357111195392743,0.04722222222222222,0.0997682499781554,0.6548214285714286,0.09837486872122558,0.310952982290925,0.13640725723432098,0.13829028368794324,0.025300024052717775,39.3,0.9486832980505135,0.7,0.9486832980505138,6.8,0.4216370213557842,0.2,0.42163702135578396
Thoracic Surgery,27,7,Random Forest,SMOTE,0.5,0.6,360.0,0.0,63.0,0.0,212.0,0.0,360.0,0.0,212.0,0.0,0.5888888888888889,0.0,40.0,0.0,7.0,0.0,0.0,0.0,0.8361702127659575,0.0225393596908804,0.15,0.3374742788552764,0.02857142857142857,0.06023386019368342,0.02857142857142857,0.06023386019368342,0.9775,0.021889875894272846,0.5030357142857143,0.03443183561552993,0.04722222222222222,0.0997682499781554,0.6548214285714286,0.09837486872122558,0.310952982290925,0.13640725723432098,0.13829028368794324,0.025300024052717775,39.1,0.8755950357709134,0.9,0.8755950357709131,6.8,0.4216370213557842,0.2,0.42163702135578396
Thoracic Surgery,48,12,Random Forest,SMOTE,0.75,0.65,360.0,0.0,63.0,0.0,286.0,0.0,360.0,0.0,286.0,0.0,0.7944444444444444,0.0,40.0,0.0,7.0,0.0,0.0,0.0,0.8404255319148936,0.020677134378884077,0.15,0.3374742788552764,0.02857142857142857,0.06023386019368342,0.02857142857142857,0.06023386019368342,0.9824999999999999,0.02058181505871414,0.5055357142857143,0.03304992186981546,0.04722222222222222,0.0997682499781554,0.6483928571428571,0.08900133282652543,0.28653559369114934,0.12298245617018047,0.14084591016548462,0.022868505553059585,39.3,0.8232726023485637,0.7,0.8232726023485646,6.8,0.4216370213557842,0.2,0.42163702135578396
Thoracic Surgery,47,12,Random Forest,SMOTE,0.75,0.6,360.0,0.0,63.0,0.0,286.0,0.0,360.0,0.0,286.0,0.0,0.7944444444444444,0.0,40.0,0.0,7.0,0.0,0.0,0.0,0.825531914893617,0.028011939940612036,0.15,0.3374742788552764,0.02857142857142857,0.06023386019368342,0.02857142857142857,0.06023386019368342,0.9650000000000001,0.026874192494328517,0.4967857142857143,0.03800957630856285,0.04722222222222222,0.0997682499781554,0.6483928571428571,0.08900133282652543,0.28653559369114934,0.12298245617018047,0.14084591016548462,0.022868505553059585,38.6,1.0749676997731392,1.4,1.07496769977314,6.8,0.4216370213557842,0.2,0.42163702135578396
Thoracic Surgery,16,4,XGBoost,Baseline,0.0,0.65,360.0,0.0,63.0,0.0,63.0,0.0,360.0,0.0,63.0,0.0,0.175,0.0,40.0,0.0,7.0,0.0,0.0,0.0,0.8468085106382979,0.013456500681567592,0.15,0.3374742788552764,0.02857142857142857,0.06023386019368342,0.02857142857142857,0.06023386019368342,0.99,0.012909944487358082,0.5092857142857142,0.0301498524945343,0.04722222222222222,0.0997682499781554,0.5932142857142857,0.12563275223990816,0.2542542778947729,0.09503279912051867,0.13878511827904835,0.01835655692046922,39.6,0.5163977794943205,0.4,0.5163977794943222,6.8,0.4216370213557839,0.2,0.42163702135578396
Thoracic Surgery,15,4,XGBoost,Baseline,0.0,0.6,360.0,0.0,63.0,0.0,63.0,0.0,360.0,0.0,63.0,0.0,0.175,0.0,40.0,0.0,7.0,0.0,0.0,0.0,0.8425531914893616,0.017942000908756785,0.15,0.3374742788552764,0.02857142857142857,0.06023386019368342,0.02857142857142857,0.06023386019368342,0.985,0.017480147469502546,0.5067857142857143,0.03198594858730125,0.04722222222222222,0.0997682499781554,0.5932142857142857,0.12563275223990816,0.2542542778947729,0.09503279912051867,0.13878511827904835,0.01835655692046922,39.4,0.6992058987801012,0.6,0.6992058987801011,6.8,0.4216370213557839,0.2,0.42163702135578396
Thoracic Surgery,107,27,Random Forest,ADASYN,0.75,0.6,360.0,0.0,63.0,0.0,286.0,0.0,360.0,0.0,274.9,6.34997812769636,0.7636111111111111,0.01763882813248991,40.0,0.0,7.0,0.0,0.0,0.0,0.827659574468085,0.023414998608821562,0.1,0.21081851067789198,0.02857142857142857,0.06023386019368342,0.02857142857142857,0.06023386019368342,0.9675,0.023717082451262868,0.49803571428571425,0.03415702120363643,0.04444444444444444,0.09369711585684087,0.6507142857142857,0.10095982115439958,0.30803545511445507,0.14400769580992434,0.14127938534278958,0.02630984055553279,38.7,0.9486832980505132,1.3,0.9486832980505138,6.8,0.4216370213557842,0.2,0.42163702135578396
Thoracic Surgery,68,17,Random Forest,SMOTE,1.0,0.65,360.0,0.0,63.0,0.0,360.0,0.0,360.0,0.0,360.0,0.0,1.0,0.0,40.0,0.0,7.0,0.0,0.0,0.0,0.8340425531914895,0.019551842201546446,0.1,0.21081851067789198,0.02857142857142857,0.06023386019368342,0.02857142857142857,0.06023386019368342,0.975,0.0204124145231932,0.5017857142857143,0.03179931045045973,0.04444444444444444,0.09369711585684087,0.63125,0.08250974827310227,0.286045611706335,0.12893433215680156,0.14789205673758868,0.024908470453151466,39.0,0.8164965809277259,1.0,0.816496580927726,6.8,0.4216370213557842,0.2,0.42163702135578396
Thoracic Surgery,14,4,XGBoost,Baseline,0.0,0.55,360.0,0.0,63.0,0.0,63.0,0.0,360.0,0.0,63.0,0.0,0.175,0.0,40.0,0.0,7.0,0.0,0.0,0.0,0.8382978723404255,0.020555144320836116,0.125,0.3173238794109962,0.02857142857142857,0.06023386019368342,0.02857142857142857,0.06023386019368342,0.9800000000000001,0.025819888974716113,0.5042857142857142,0.028212025225902132,0.04318181818181818,0.09244286945928243,0.5932142857142857,0.12563275223990816,0.2542542778947729,0.09503279912051867,0.13878511827904835,0.01835655692046922,39.2,1.0327955589886455,0.8,1.0327955589886444,6.8,0.4216370213557839,0.2,0.42163702135578396
Thoracic Surgery,13,4,XGBoost,Baseline,0.0,0.5,360.0,0.0,63.0,0.0,63.0,0.0,360.0,0.0,63.0,0.0,0.175,0.0,40.0,0.0,7.0,0.0,0.0,0.0,0.8297872340425532,0.028368794326241124,0.125,0.3173238794109962,0.02857142857142857,0.06023386019368342,0.02857142857142857,0.06023386019368342,0.97,0.03291402943021915,0.4992857142857143,0.03253944057207751,0.04318181818181818,0.09244286945928243,0.5932142857142857,0.12563275223990816,0.2542542778947729,0.09503279912051867,0.13878511827904835,0.01835655692046922,38.8,1.316561177208768,1.2,1.3165611772087666,6.8,0.4216370213557839,0.2,0.42163702135578396
Thoracic Surgery,2,1,Logistic Regression,Baseline,0.0,0.55,360.0,0.0,63.0,0.0,63.0,0.0,360.0,0.0,63.0,0.0,0.175,0.0,40.0,0.0,7.0,0.0,0.0,0.0,0.8404255319148936,0.018081629480825513,0.08333333333333333,0.1800205749557739,0.02857142857142857,0.06023386019368342,0.02857142857142857,0.06023386019368342,0.9824999999999999,0.023717082451262864,0.5055357142857143,0.027022105043792072,0.042222222222222223,0.08916623398995058,0.6632142857142858,0.04647586114247095,0.3010124443653618,0.07095933908377282,0.12794495793878816,0.010798523291669176,39.3,0.9486832980505139,0.7,0.9486832980505138,6.8,0.42163702135578407,0.2,0.4216370213557839
Thoracic Surgery,36,9,XGBoost,SMOTE,0.5,0.65,360.0,0.0,63.0,0.0,212.0,0.0,360.0,0.0,212.0,0.0,0.5888888888888889,0.0,40.0,0.0,7.0,0.0,0.0,0.0,0.8170212765957446,0.02872121522172565,0.06999999999999999,0.1636391694484477,0.02857142857142857,0.06023386019368342,0.02857142857142857,0.06023386019368342,0.9550000000000001,0.034960294939005036,0.49178571428571427,0.03057461784284193,0.03888888888888888,0.08302411767207368,0.6074999999999999,0.13459700916173228,0.26585917786697405,0.11348938954303311,0.15350229174966662,0.03047752356335055,38.2,1.3984117975602024,1.8,1.3984117975602022,6.8,0.4216370213557839,0.2,0.42163702135578396
Thoracic Surgery,6,2,Random Forest,Baseline,0.0,0.55,360.0,0.0,63.0,0.0,63.0,0.0,360.0,0.0,63.0,0.0,0.175,0.0,40.0,0.0,7.0,0.0,0.0,0.0,0.8468085106382979,0.013456500681567595,0.1,0.31622776601683794,0.014285714285714285,0.04517539514526256,0.014285714285714285,0.04517539514526256,0.9925,0.012076147288491188,0.5033928571428572,0.024620849386034493,0.025,0.07905694150420949,0.655,0.07689315112116557,0.31988209779929994,0.1230691571489514,0.12705754137115838,0.012287048119336985,39.7,0.48304589153964855,0.3,0.48304589153964794,6.9,0.316227766016838,0.1,0.31622776601683794
Thoracic Surgery,3,1,Logistic Regression,Baseline,0.0,0.6,360.0,0.0,63.0,0.0,63.0,0.0,360.0,0.0,63.0,0.0,0.175,0.0,40.0,0.0,7.0,0.0,0.0,0.0,0.8446808510638298,0.017516438347841824,0.1,0.31622776601683794,0.014285714285714285,0.04517539514526256,0.014285714285714285,0.04517539514526256,0.99,0.01748014746950256,0.5021428571428571,0.02580616302139126,0.025,0.07905694150420949,0.6632142857142858,0.04647586114247095,0.3010124443653618,0.07095933908377282,0.12794495793878816,0.010798523291669176,39.6,0.6992058987801028,0.4,0.6992058987801011,6.9,0.316227766016838,0.1,0.31622776601683794
Thoracic Surgery,116,29,XGBoost,ADASYN,0.75,0.65,360.0,0.0,63.0,0.0,286.0,0.0,360.0,0.0,274.9,6.34997812769636,0.7636111111111111,0.01763882813248991,40.0,0.0,7.0,0.0,0.0,0.0,0.8191489361702127,0.03211129481609015,0.05,0.15811388300841897,0.014285714285714285,0.04517539514526256,0.014285714285714285,0.04517539514526256,0.96,0.035746017649212015,0.4871428571428572,0.03080091143334425,0.02222222222222222,0.07027283689263064,0.585,0.1467987963891911,0.2713456829454891,0.11865805224026667,0.15518323772267925,0.03460472172633601,38.4,1.4298407059684803,1.6,1.429840705968481,6.9,0.31622776601683794,0.1,0.31622776601683794
Thoracic Surgery,7,2,Random Forest,Baseline,0.0,0.6,360.0,0.0,63.0,0.0,63.0,0.0,360.0,0.0,63.0,0.0,0.175,0.0,40.0,0.0,7.0,0.0,0.0,0.0,0.848936170212766,0.006728250340783808,0.0,0.0,0.0,0.0,0.0,0.0,0.9974999999999999,0.007905694150420958,0.49874999999999997,0.003952847075210479,0.0,0.0,0.655,0.07689315112116557,0.31988209779929994,0.1230691571489514,0.12705754137115838,0.012287048119336985,39.9,0.3162277660168387,0.1,0.31622776601683794,7.0,0.0,0.0,0.0
Thoracic Surgery,8,2,Random Forest,Baseline,0.0,0.65,360.0,0.0,63.0,0.0,63.0,0.0,360.0,0.0,63.0,0.0,0.175,0.0,40.0,0.0,7.0,0.0,0.0,0.0,0.848936170212766,0.006728250340783808,0.0,0.0,0.0,0.0,0.0,0.0,0.9974999999999999,0.007905694150420958,0.49874999999999997,0.003952847075210479,0.0,0.0,0.655,0.07689315112116557,0.31988209779929994,0.1230691571489514,0.12705754137115838,0.012287048119336985,39.9,0.3162277660168387,0.1,0.31622776601683794,7.0,0.0,0.0,0.0
Thoracic Surgery,4,1,Logistic Regression,Baseline,0.0,0.65,360.0,0.0,63.0,0.0,63.0,0.0,360.0,0.0,63.0,0.0,0.175,0.0,40.0,0.0,7.0,0.0,0.0,0.0,0.8468085106382979,0.008971000454378392,0.0,0.0,0.0,0.0,0.0,0.0,0.9949999999999999,0.010540925533894612,0.49749999999999994,0.005270462766947306,0.0,0.0,0.6632142857142858,0.04647586114247095,0.3010124443653618,0.07095933908377282,0.12794495793878816,0.010798523291669176,39.8,0.42163702135578285,0.2,0.4216370213557839,7.0,0.0,0.0,0.0
