CombinationID,Model,SamplingMethod,ExpansionRatio,Threshold,TargetMinorityCount_Mean,TargetMinorityCount_Std,TrainMinorityAfter_Mean,TrainMinorityAfter_Std,ActualClassRatio_Mean,ActualClassRatio_Std,Accuracy_Mean,Accuracy_Std,Precision_Mean,Precision_Std,Recall_Mean,Recall_Std,Sensitivity_Mean,Sensitivity_Std,Specificity_Mean,Specificity_Std,BalancedAccuracy_Mean,BalancedAccuracy_Std,F1Score_Mean,F1Score_Std,ROC_AUC_Mean,ROC_AUC_Std,PR_AUC_Mean,PR_AUC_Std,BrierScore_Mean,BrierScore_Std,TN_Mean,TN_Std,FP_Mean,FP_Std,FN_Mean,FN_Std,TP_Mean,TP_Std
25,Random Forest,SMOTE,0.5,0.5,346.0,0.0,346.0,0.0,0.768889,0.0,0.771992,0.04397,0.671221,0.076065,0.693732,0.080304,0.693732,0.080304,0.814,0.059666,0.753866,0.046189,0.679456,0.062814,0.825527,0.051453,0.715242,0.071329,0.161411,0.024876,40.7,2.983287,9.3,2.983287,8.2,2.097618,18.6,2.221111
101,Logistic Regression,ADASYN,0.75,0.5,398.0,0.0,398.4,4.575296,0.885333,0.010167,0.761517,0.075268,0.651951,0.123018,0.720228,0.114488,0.720228,0.114488,0.784,0.094187,0.752114,0.076571,0.679347,0.097757,0.835983,0.051824,0.736491,0.09211,0.165554,0.024235,39.2,4.709329,10.8,4.709329,7.5,3.02765,19.3,3.020302
61,Logistic Regression,SMOTE,1.0,0.5,450.0,0.0,450.0,0.0,1.0,0.0,0.760236,0.074669,0.650515,0.124264,0.720228,0.109032,0.720228,0.109032,0.782,0.095429,0.751114,0.074668,0.678622,0.095733,0.835214,0.050735,0.732786,0.093075,0.166914,0.026137,39.1,4.771443,10.9,4.771443,7.5,2.877113,19.3,2.869379
125,Random Forest,ADASYN,1.0,0.5,450.0,0.0,447.1,5.665686,0.993556,0.01259,0.758971,0.048881,0.637377,0.069104,0.723504,0.099526,0.723504,0.099526,0.778,0.052026,0.750752,0.056628,0.675513,0.071607,0.818774,0.04405,0.690362,0.063619,0.166973,0.021338,38.9,2.601282,11.1,2.601282,7.4,2.633122,19.4,2.75681
41,Logistic Regression,SMOTE,0.75,0.5,398.0,0.0,398.0,0.0,0.884444,0.0,0.765448,0.064599,0.663917,0.114355,0.694017,0.104338,0.694017,0.104338,0.804,0.08316,0.749009,0.06635,0.674228,0.089298,0.836111,0.050963,0.73396,0.094273,0.162669,0.024785,40.2,4.157991,9.8,4.157991,8.2,2.740641,18.6,2.75681
73,XGBoost,SMOTE,1.0,0.5,450.0,0.0,450.0,0.0,1.0,0.0,0.761552,0.047054,0.642321,0.067317,0.711681,0.094506,0.711681,0.094506,0.788,0.040222,0.74984,0.056317,0.674039,0.074714,0.82155,0.04999,0.703808,0.06619,0.173023,0.029235,39.4,2.01108,10.6,2.01108,7.7,2.406011,19.1,2.726414
121,Logistic Regression,ADASYN,1.0,0.5,450.0,0.0,447.1,5.665686,0.993556,0.01259,0.740687,0.068301,0.613793,0.103534,0.75755,0.084306,0.75755,0.084306,0.732,0.100311,0.744775,0.061417,0.673403,0.073477,0.835997,0.051843,0.736368,0.09293,0.17216,0.025135,36.6,5.015531,13.4,5.015531,6.5,2.223611,20.3,2.213594
133,XGBoost,ADASYN,1.0,0.5,450.0,0.0,447.1,5.665686,0.993556,0.01259,0.756425,0.047188,0.636082,0.070163,0.716382,0.08074,0.716382,0.08074,0.778,0.051164,0.747191,0.051413,0.672039,0.064488,0.822043,0.047913,0.705557,0.068114,0.171386,0.027199,38.9,2.558211,11.1,2.558211,7.6,2.170509,19.2,2.20101
134,XGBoost,ADASYN,1.0,0.55,450.0,0.0,447.1,5.665686,0.993556,0.01259,0.766781,0.050853,0.658224,0.0744,0.689744,0.100572,0.689744,0.100572,0.808,0.044422,0.748872,0.060264,0.671895,0.079674,0.822043,0.047913,0.705557,0.068114,0.171386,0.027199,40.4,2.221111,9.6,2.221111,8.3,2.626785,18.5,2.798809
113,XGBoost,ADASYN,0.75,0.5,398.0,0.0,398.4,4.575296,0.885333,0.010167,0.756408,0.039612,0.633845,0.056379,0.715812,0.078442,0.715812,0.078442,0.778,0.039384,0.746906,0.046197,0.67127,0.060484,0.818311,0.052183,0.68567,0.069907,0.173102,0.028573,38.9,1.969207,11.1,1.969207,7.6,2.01108,19.2,2.250926
122,Logistic Regression,ADASYN,1.0,0.55,450.0,0.0,447.1,5.665686,0.993556,0.01259,0.761552,0.067955,0.658755,0.118459,0.69416,0.116906,0.69416,0.116906,0.798,0.091627,0.74608,0.069946,0.670348,0.093294,0.835997,0.051843,0.736368,0.09293,0.17216,0.025135,39.9,4.581363,10.1,4.581363,8.2,3.084009,18.6,3.062316
105,Random Forest,ADASYN,0.75,0.5,398.0,0.0,398.4,4.575296,0.885333,0.010167,0.755092,0.046523,0.635934,0.067558,0.708547,0.087367,0.708547,0.087367,0.78,0.057349,0.744274,0.050623,0.668008,0.065524,0.820533,0.04426,0.696792,0.060095,0.16507,0.021629,39.0,2.867442,11.0,2.867442,7.8,2.299758,19.0,2.44949
81,Logistic Regression,ADASYN,0.5,0.5,346.0,0.0,339.1,3.871549,0.753556,0.008603,0.764183,0.05776,0.670129,0.109905,0.671795,0.106693,0.671795,0.106693,0.814,0.082758,0.742897,0.059658,0.665144,0.080985,0.836644,0.051905,0.73568,0.094619,0.161384,0.023321,40.7,4.137901,9.3,4.137901,8.8,2.820559,18.0,2.788867
45,Random Forest,SMOTE,0.75,0.5,398.0,0.0,398.0,0.0,0.884444,0.0,0.757638,0.05242,0.644969,0.080766,0.689744,0.092686,0.689744,0.092686,0.794,0.059666,0.741872,0.057306,0.664332,0.076686,0.826724,0.047886,0.7055,0.073635,0.162149,0.0239,39.7,2.983287,10.3,2.983287,8.3,2.406011,18.5,2.592725
114,XGBoost,ADASYN,0.75,0.55,398.0,0.0,398.4,4.575296,0.885333,0.010167,0.760304,0.044714,0.648037,0.066936,0.682051,0.092739,0.682051,0.092739,0.802,0.038239,0.742026,0.054151,0.663335,0.074746,0.818311,0.052183,0.68567,0.069907,0.173102,0.028573,40.1,1.911951,9.9,1.911951,8.5,2.368778,18.3,2.626785
65,Random Forest,SMOTE,1.0,0.5,450.0,0.0,450.0,0.0,1.0,0.0,0.753759,0.055786,0.636255,0.08218,0.697436,0.100106,0.697436,0.100106,0.784,0.06168,0.740718,0.061512,0.663072,0.080987,0.822197,0.046651,0.698472,0.074796,0.165047,0.024865,39.2,3.084009,10.8,3.084009,8.1,2.643651,18.7,2.750757
62,Logistic Regression,SMOTE,1.0,0.55,450.0,0.0,450.0,0.0,1.0,0.0,0.762884,0.051649,0.670632,0.106781,0.664245,0.091302,0.664245,0.091302,0.816,0.079331,0.740123,0.050844,0.661904,0.069872,0.835214,0.050735,0.732786,0.093075,0.166914,0.026137,40.8,3.966527,9.2,3.966527,9.0,2.403701,17.8,2.394438
123,Logistic Regression,ADASYN,1.0,0.6,450.0,0.0,447.1,5.665686,0.993556,0.01259,0.769412,0.050127,0.690446,0.10409,0.645726,0.10941,0.645726,0.10941,0.836,0.078768,0.740863,0.053425,0.660174,0.075376,0.835997,0.051843,0.736368,0.09293,0.17216,0.025135,41.8,3.938415,8.2,3.938415,9.5,2.915476,17.3,2.869379
33,XGBoost,SMOTE,0.5,0.5,346.0,0.0,346.0,0.0,0.768889,0.0,0.757638,0.051719,0.644847,0.076677,0.678063,0.101185,0.678063,0.101185,0.8,0.044222,0.739031,0.061364,0.659528,0.082025,0.81804,0.047086,0.697839,0.07395,0.172126,0.027397,40.0,2.211083,10.0,2.211083,8.6,2.590581,18.2,2.898275
102,Logistic Regression,ADASYN,0.75,0.55,398.0,0.0,398.4,4.575296,0.885333,0.010167,0.761603,0.057133,0.667449,0.107246,0.660684,0.112892,0.660684,0.112892,0.816,0.079889,0.738342,0.061088,0.658261,0.083793,0.835983,0.051824,0.736491,0.09211,0.165554,0.024235,40.8,3.994441,9.2,3.994441,9.1,2.998148,17.7,2.945807
126,Random Forest,ADASYN,1.0,0.55,450.0,0.0,447.1,5.665686,0.993556,0.01259,0.760321,0.041848,0.658938,0.07304,0.663818,0.09233,0.663818,0.09233,0.812,0.056725,0.737909,0.047321,0.657807,0.062209,0.818774,0.04405,0.690362,0.063619,0.166973,0.021338,40.6,2.836273,9.4,2.836273,9.0,2.44949,17.8,2.573368
37,LightGBM,SMOTE,0.5,0.5,346.0,0.0,346.0,0.0,0.768889,0.0,0.752478,0.05717,0.636982,0.086809,0.682194,0.094301,0.682194,0.094301,0.79,0.054365,0.736097,0.063405,0.657335,0.083002,0.808806,0.051268,0.676108,0.080798,0.195655,0.040661,39.5,2.718251,10.5,2.718251,8.5,2.460804,18.3,2.668749
77,LightGBM,SMOTE,1.0,0.5,450.0,0.0,450.0,0.0,1.0,0.0,0.748565,0.051727,0.628923,0.075114,0.685897,0.087651,0.685897,0.087651,0.782,0.049396,0.733949,0.057781,0.654957,0.074657,0.812407,0.051164,0.687357,0.082045,0.196567,0.037359,39.1,2.469818,10.9,2.469818,8.4,2.270585,18.4,2.503331
53,XGBoost,SMOTE,0.75,0.5,398.0,0.0,398.0,0.0,0.884444,0.0,0.752461,0.053203,0.637097,0.078097,0.678348,0.105752,0.678348,0.105752,0.792,0.050947,0.735174,0.062364,0.654838,0.081622,0.820721,0.051736,0.696979,0.079724,0.171718,0.029498,39.6,2.54733,10.4,2.54733,8.6,2.75681,18.2,2.973961
85,Random Forest,ADASYN,0.5,0.5,346.0,0.0,339.1,3.871549,0.753556,0.008603,0.752478,0.047874,0.644065,0.079815,0.671652,0.08035,0.671652,0.08035,0.796,0.067198,0.733826,0.047989,0.654439,0.0635,0.824972,0.041631,0.705033,0.070679,0.163105,0.020667,39.8,3.359894,10.2,3.359894,8.8,2.149935,18.0,2.160247
21,Logistic Regression,SMOTE,0.5,0.5,346.0,0.0,346.0,0.0,0.768889,0.0,0.762919,0.045202,0.676771,0.09908,0.645726,0.100705,0.645726,0.100705,0.826,0.075454,0.735863,0.047278,0.654283,0.065488,0.837761,0.051217,0.736134,0.093407,0.159125,0.023431,41.3,3.772709,8.7,3.772709,9.5,2.677063,17.3,2.626785
66,Random Forest,SMOTE,1.0,0.55,450.0,0.0,450.0,0.0,1.0,0.0,0.76027,0.049266,0.661204,0.081141,0.64886,0.086787,0.64886,0.086787,0.82,0.05164,0.73443,0.05488,0.653043,0.075065,0.822197,0.046651,0.698472,0.074796,0.165047,0.024865,41.0,2.581989,9.0,2.581989,9.4,2.270585,17.4,2.412928
74,XGBoost,SMOTE,1.0,0.55,450.0,0.0,450.0,0.0,1.0,0.0,0.757656,0.050549,0.649029,0.073678,0.659402,0.10341,0.659402,0.10341,0.81,0.038006,0.734701,0.061655,0.652852,0.083463,0.82155,0.04999,0.703808,0.06619,0.173023,0.029235,40.5,1.900292,9.5,1.900292,9.1,2.643651,17.7,2.945807
42,Logistic Regression,SMOTE,0.75,0.55,398.0,0.0,398.0,0.0,0.884444,0.0,0.766849,0.038054,0.69172,0.093499,0.630912,0.09596,0.630912,0.09596,0.84,0.075425,0.735456,0.038263,0.652784,0.054127,0.836111,0.050963,0.73396,0.094273,0.162669,0.024785,42.0,3.771236,8.0,3.771236,9.9,2.558211,16.9,2.469818
57,LightGBM,SMOTE,0.75,0.5,398.0,0.0,398.0,0.0,0.884444,0.0,0.748565,0.054963,0.627531,0.076107,0.681909,0.107962,0.681909,0.107962,0.784,0.04402,0.732954,0.065538,0.652283,0.08623,0.810541,0.045825,0.681154,0.066715,0.195836,0.036948,39.2,2.20101,10.8,2.20101,8.5,2.798809,18.3,3.056868
63,Logistic Regression,SMOTE,1.0,0.6,450.0,0.0,450.0,0.0,1.0,0.0,0.769446,0.037398,0.702421,0.094704,0.619658,0.089571,0.619658,0.089571,0.85,0.074386,0.734829,0.036031,0.651507,0.052382,0.835214,0.050735,0.732786,0.093075,0.166914,0.026137,42.5,3.719319,7.5,3.719319,10.2,2.394438,16.6,2.319004
117,LightGBM,ADASYN,0.75,0.5,398.0,0.0,398.4,4.575296,0.885333,0.010167,0.748599,0.058375,0.630238,0.083391,0.678348,0.110533,0.678348,0.110533,0.786,0.057388,0.732174,0.067061,0.651298,0.089643,0.799123,0.054924,0.653698,0.072246,0.203915,0.042071,39.3,2.869379,10.7,2.869379,8.6,2.875181,18.2,3.084009
78,LightGBM,SMOTE,1.0,0.55,450.0,0.0,450.0,0.0,1.0,0.0,0.748565,0.054204,0.630748,0.077405,0.674786,0.092074,0.674786,0.092074,0.788,0.04638,0.731393,0.061479,0.651076,0.079451,0.812407,0.051164,0.687357,0.082045,0.196567,0.037359,39.4,2.319004,10.6,2.319004,8.7,2.406011,18.1,2.601282
135,XGBoost,ADASYN,1.0,0.6,450.0,0.0,447.1,5.665686,0.993556,0.01259,0.7642,0.04355,0.669519,0.066345,0.633618,0.112754,0.633618,0.112754,0.834,0.032728,0.733809,0.058209,0.648409,0.084577,0.822043,0.047913,0.705557,0.068114,0.171386,0.027199,41.7,1.636392,8.3,1.636392,9.8,2.936362,17.0,3.126944
103,Logistic Regression,ADASYN,0.75,0.6,398.0,0.0,398.4,4.575296,0.885333,0.010167,0.770779,0.028039,0.710727,0.089665,0.612393,0.107103,0.612393,0.107103,0.856,0.073515,0.734197,0.032499,0.648323,0.04756,0.835983,0.051824,0.736491,0.09211,0.165554,0.024235,42.8,3.675746,7.2,3.675746,10.4,2.875181,16.4,2.75681
22,Logistic Regression,SMOTE,0.5,0.55,346.0,0.0,346.0,0.0,0.768889,0.0,0.772061,0.030201,0.715535,0.090544,0.604843,0.088067,0.604843,0.088067,0.862,0.06957,0.733422,0.029769,0.648169,0.043641,0.837761,0.051217,0.736134,0.093407,0.159125,0.023431,43.1,3.478505,6.9,3.478505,10.6,2.366432,16.2,2.250926
54,XGBoost,SMOTE,0.75,0.55,398.0,0.0,398.0,0.0,0.884444,0.0,0.757621,0.052919,0.652077,0.081847,0.648006,0.119904,0.648006,0.119904,0.816,0.045019,0.732003,0.06633,0.64739,0.095422,0.820721,0.051736,0.696979,0.079724,0.171718,0.029498,40.8,2.250926,9.2,2.250926,9.4,3.062316,17.4,3.373096
115,XGBoost,ADASYN,0.75,0.6,398.0,0.0,398.4,4.575296,0.885333,0.010167,0.758988,0.056366,0.657058,0.090948,0.640883,0.110608,0.640883,0.110608,0.822,0.044672,0.731442,0.067512,0.64729,0.097472,0.818311,0.052183,0.68567,0.069907,0.173102,0.028573,41.1,2.233582,8.9,2.233582,9.6,2.836273,17.2,3.084009
5,Random Forest,Baseline,0.0,0.5,241.2,0.421637,241.2,0.421637,0.536,0.000937,0.760287,0.039854,0.667971,0.069205,0.630484,0.082542,0.630484,0.082542,0.83,0.049216,0.730242,0.045287,0.646154,0.063823,0.828805,0.049453,0.721266,0.081637,0.159961,0.022793,41.5,2.460804,8.5,2.460804,9.9,2.18327,16.9,2.233582
58,LightGBM,SMOTE,0.75,0.55,398.0,0.0,398.0,0.0,0.884444,0.0,0.752495,0.051601,0.640811,0.075608,0.655556,0.118562,0.655556,0.118562,0.804,0.045995,0.729778,0.06447,0.645553,0.090271,0.810541,0.045825,0.681154,0.066715,0.195836,0.036948,40.2,2.299758,9.8,2.299758,9.2,3.047768,17.6,3.339993
82,Logistic Regression,ADASYN,0.5,0.55,346.0,0.0,339.1,3.871549,0.753556,0.008603,0.766815,0.035302,0.700894,0.094031,0.612251,0.098117,0.612251,0.098117,0.85,0.076158,0.731125,0.035666,0.645364,0.053509,0.836644,0.051905,0.73568,0.094619,0.161384,0.023321,42.5,3.807887,7.5,3.807887,10.4,2.633122,16.4,2.54733
38,LightGBM,SMOTE,0.5,0.55,346.0,0.0,346.0,0.0,0.768889,0.0,0.751162,0.059036,0.644675,0.096282,0.648575,0.087976,0.648575,0.087976,0.806,0.057388,0.727288,0.063789,0.645274,0.085489,0.808806,0.051268,0.676108,0.080798,0.195655,0.040661,40.3,2.869379,9.7,2.869379,9.4,2.270585,17.4,2.503331
106,Random Forest,ADASYN,0.75,0.55,398.0,0.0,398.4,4.575296,0.885333,0.010167,0.753828,0.046493,0.655665,0.08547,0.637892,0.064097,0.637892,0.064097,0.816,0.057194,0.726946,0.046586,0.644503,0.062127,0.820533,0.04426,0.696792,0.060095,0.16507,0.021629,40.8,2.859681,9.2,2.859681,9.7,1.702939,17.1,1.791957
93,XGBoost,ADASYN,0.5,0.5,346.0,0.0,339.1,3.871549,0.753556,0.008603,0.743336,0.044516,0.621058,0.063439,0.674501,0.109276,0.674501,0.109276,0.78,0.042164,0.727251,0.056794,0.644295,0.076704,0.816447,0.04724,0.701134,0.078283,0.174946,0.027176,39.0,2.108185,11.0,2.108185,8.7,2.830391,18.1,3.071373
43,Logistic Regression,SMOTE,0.75,0.6,398.0,0.0,398.0,0.0,0.884444,0.0,0.772044,0.027119,0.722463,0.089133,0.59359,0.084627,0.59359,0.084627,0.868,0.070048,0.730795,0.024699,0.643752,0.038157,0.836111,0.050963,0.73396,0.094273,0.162669,0.024785,43.4,3.50238,6.6,3.50238,10.9,2.282786,15.9,2.18327
46,Random Forest,SMOTE,0.75,0.55,398.0,0.0,398.0,0.0,0.884444,0.0,0.759023,0.043634,0.669594,0.082542,0.622934,0.068501,0.622934,0.068501,0.832,0.051812,0.727467,0.045819,0.643387,0.063605,0.826724,0.047886,0.7055,0.073635,0.162149,0.0239,41.6,2.590581,8.4,2.590581,10.1,1.791957,16.7,1.888562
59,LightGBM,SMOTE,0.75,0.6,398.0,0.0,398.0,0.0,0.884444,0.0,0.756374,0.053963,0.650466,0.080418,0.640598,0.124631,0.640598,0.124631,0.818,0.039384,0.729299,0.068875,0.643209,0.098366,0.810541,0.045825,0.681154,0.066715,0.195836,0.036948,40.9,1.969207,9.1,1.969207,9.6,3.204164,17.2,3.489667
13,XGBoost,Baseline,0.0,0.5,241.2,0.421637,241.2,0.421637,0.536,0.000937,0.755075,0.047904,0.646131,0.068092,0.644444,0.12789,0.644444,0.12789,0.814,0.032728,0.729222,0.065248,0.642503,0.094383,0.823798,0.047983,0.710924,0.087691,0.166703,0.02917,40.7,1.636392,9.3,1.636392,9.5,3.308239,17.3,3.560587
124,Logistic Regression,ADASYN,1.0,0.65,450.0,0.0,447.1,5.665686,0.993556,0.01259,0.770762,0.028211,0.719271,0.089762,0.593732,0.094805,0.593732,0.094805,0.866,0.071212,0.729866,0.02916,0.641972,0.043898,0.835997,0.051843,0.736368,0.09293,0.17216,0.025135,43.3,3.560587,6.7,3.560587,10.9,2.558211,15.9,2.424413
34,XGBoost,SMOTE,0.5,0.55,346.0,0.0,346.0,0.0,0.768889,0.0,0.755024,0.055972,0.649623,0.087545,0.636895,0.118031,0.636895,0.118031,0.818,0.039384,0.727447,0.069418,0.64151,0.097999,0.81804,0.047086,0.697839,0.07395,0.172126,0.027397,40.9,1.969207,9.1,1.969207,9.7,3.020302,17.1,3.314949
139,LightGBM,ADASYN,1.0,0.6,450.0,0.0,447.1,5.665686,0.993556,0.01259,0.752409,0.055423,0.643845,0.088892,0.644444,0.123031,0.644444,0.123031,0.81,0.046428,0.727222,0.068992,0.641483,0.097354,0.808877,0.046414,0.670647,0.077442,0.198245,0.037153,40.5,2.321398,9.5,2.321398,9.5,3.17105,17.3,3.433495
79,LightGBM,SMOTE,1.0,0.6,450.0,0.0,450.0,0.0,1.0,0.0,0.749846,0.055675,0.639388,0.083226,0.644729,0.101868,0.644729,0.101868,0.806,0.043256,0.725365,0.065309,0.64105,0.088586,0.812407,0.051164,0.687357,0.082045,0.196567,0.037359,40.3,2.162817,9.7,2.162817,9.5,2.635231,17.3,2.869379
55,XGBoost,SMOTE,0.75,0.6,398.0,0.0,398.0,0.0,0.884444,0.0,0.76027,0.047368,0.666416,0.078151,0.621937,0.113413,0.621937,0.113413,0.834,0.042216,0.727969,0.060505,0.640636,0.08961,0.820721,0.051736,0.696979,0.079724,0.171718,0.029498,41.7,2.110819,8.3,2.110819,10.1,2.884826,16.7,3.198958
97,LightGBM,ADASYN,0.5,0.5,346.0,0.0,339.1,3.871549,0.753556,0.008603,0.745967,0.044011,0.628936,0.065715,0.655983,0.101733,0.655983,0.101733,0.794,0.03534,0.724991,0.055846,0.64055,0.078734,0.799088,0.045039,0.664484,0.076415,0.201032,0.03682,39.7,1.766981,10.3,1.766981,9.2,2.616189,17.6,2.836273
39,LightGBM,SMOTE,0.5,0.6,346.0,0.0,346.0,0.0,0.768889,0.0,0.753776,0.052955,0.657212,0.093496,0.626353,0.083111,0.626353,0.083111,0.822,0.055337,0.724177,0.057212,0.639527,0.078395,0.808806,0.051268,0.676108,0.080798,0.195655,0.040661,41.1,2.766867,8.9,2.766867,10.0,2.160247,16.8,2.347576
35,XGBoost,SMOTE,0.5,0.6,346.0,0.0,346.0,0.0,0.768889,0.0,0.760253,0.046341,0.668412,0.07735,0.61453,0.111221,0.61453,0.111221,0.838,0.035839,0.726265,0.060101,0.637936,0.088534,0.81804,0.047086,0.697839,0.07395,0.172126,0.027397,41.9,1.791957,8.1,1.791957,10.3,2.830391,16.5,3.135815
118,LightGBM,ADASYN,0.75,0.55,398.0,0.0,398.4,4.575296,0.885333,0.010167,0.745984,0.051739,0.630139,0.078823,0.652137,0.123416,0.652137,0.123416,0.796,0.04971,0.724068,0.065126,0.637883,0.094271,0.799123,0.054924,0.653698,0.072246,0.203915,0.042071,39.8,2.485514,10.2,2.485514,9.3,3.198958,17.5,3.407508
137,LightGBM,ADASYN,1.0,0.5,450.0,0.0,447.1,5.665686,0.993556,0.01259,0.73944,0.055785,0.616114,0.079884,0.663248,0.120515,0.663248,0.120515,0.78,0.045216,0.721624,0.068735,0.636798,0.092593,0.808877,0.046414,0.670647,0.077442,0.198245,0.037153,39.0,2.260777,11.0,2.260777,9.0,3.126944,17.8,3.359894
60,LightGBM,SMOTE,0.75,0.65,398.0,0.0,398.0,0.0,0.884444,0.0,0.756374,0.057003,0.655878,0.084805,0.62208,0.124301,0.62208,0.124301,0.828,0.036757,0.72504,0.071745,0.636681,0.101475,0.810541,0.045825,0.681154,0.066715,0.195836,0.036948,41.4,1.837873,8.6,1.837873,10.1,3.212822,16.7,3.465705
98,LightGBM,ADASYN,0.5,0.55,346.0,0.0,339.1,3.871549,0.753556,0.008603,0.7473,0.046301,0.637404,0.072807,0.637464,0.096832,0.637464,0.096832,0.806,0.040056,0.721732,0.056164,0.63574,0.078766,0.799088,0.045039,0.664484,0.076415,0.201032,0.03682,40.3,2.002776,9.7,2.002776,9.7,2.496664,17.1,2.685351
94,XGBoost,ADASYN,0.5,0.55,346.0,0.0,339.1,3.871549,0.753556,0.008603,0.749915,0.042631,0.640482,0.057444,0.633618,0.115426,0.633618,0.115426,0.812,0.026998,0.722809,0.058575,0.634768,0.082728,0.816447,0.04724,0.701134,0.078283,0.174946,0.027176,40.6,1.349897,9.4,1.349897,9.8,3.011091,17.0,3.197221
26,Random Forest,SMOTE,0.5,0.55,346.0,0.0,346.0,0.0,0.768889,0.0,0.759005,0.048274,0.67665,0.092416,0.600427,0.082641,0.600427,0.082641,0.844,0.04971,0.722214,0.053613,0.634196,0.077191,0.825527,0.051453,0.715242,0.071329,0.161411,0.024876,42.2,2.485514,7.8,2.485514,10.7,2.162817,16.1,2.282786
140,LightGBM,ADASYN,1.0,0.65,450.0,0.0,447.1,5.665686,0.993556,0.01259,0.753742,0.052556,0.651145,0.086513,0.62208,0.131997,0.62208,0.131997,0.824,0.039777,0.72304,0.06936,0.632982,0.103173,0.808877,0.046414,0.670647,0.077442,0.198245,0.037153,41.2,1.988858,8.8,1.988858,10.1,3.414023,16.7,3.653005
75,XGBoost,SMOTE,1.0,0.6,450.0,0.0,450.0,0.0,1.0,0.0,0.751145,0.055967,0.647951,0.087202,0.622222,0.114307,0.622222,0.114307,0.82,0.042164,0.721111,0.068165,0.632957,0.094494,0.82155,0.04999,0.703808,0.06619,0.173023,0.029235,41.0,2.108185,9.0,2.108185,10.1,2.960856,16.7,3.198958
67,Random Forest,SMOTE,1.0,0.6,450.0,0.0,450.0,0.0,1.0,0.0,0.760304,0.037778,0.681112,0.07151,0.592877,0.060354,0.592877,0.060354,0.85,0.039158,0.721439,0.041432,0.632903,0.060179,0.822197,0.046651,0.698472,0.074796,0.165047,0.024865,42.5,1.95789,7.5,1.95789,10.9,1.523884,15.9,1.72884
17,LightGBM,Baseline,0.0,0.5,241.2,0.421637,241.2,0.421637,0.536,0.000937,0.753776,0.054061,0.660328,0.091748,0.607407,0.087756,0.607407,0.087756,0.832,0.047329,0.719704,0.060764,0.631828,0.086132,0.80906,0.055706,0.6841,0.082512,0.193054,0.040672,41.6,2.366432,8.4,2.366432,10.5,2.223611,16.3,2.496664
138,LightGBM,ADASYN,1.0,0.55,450.0,0.0,447.1,5.665686,0.993556,0.01259,0.740704,0.057207,0.621872,0.086906,0.644444,0.123031,0.644444,0.123031,0.792,0.04341,0.718222,0.070924,0.63098,0.098392,0.808877,0.046414,0.670647,0.077442,0.198245,0.037153,39.6,2.170509,10.4,2.170509,9.5,3.17105,17.3,3.433495
136,XGBoost,ADASYN,1.0,0.65,450.0,0.0,447.1,5.665686,0.993556,0.01259,0.762936,0.038848,0.687977,0.067722,0.585185,0.088792,0.585185,0.088792,0.858,0.033267,0.721593,0.048853,0.630465,0.073476,0.822043,0.047913,0.705557,0.068114,0.171386,0.027199,42.9,1.66333,7.1,1.66333,11.1,2.282786,15.7,2.496664
18,LightGBM,Baseline,0.0,0.55,241.2,0.421637,241.2,0.421637,0.536,0.000937,0.757656,0.051353,0.672594,0.08926,0.592308,0.094562,0.592308,0.094562,0.846,0.04115,0.719154,0.060525,0.628746,0.088528,0.80906,0.055706,0.6841,0.082512,0.193054,0.040672,42.3,2.057507,7.7,2.057507,10.9,2.378141,15.9,2.685351
119,LightGBM,ADASYN,0.75,0.6,398.0,0.0,398.4,4.575296,0.885333,0.010167,0.744686,0.045876,0.634602,0.072546,0.626068,0.106987,0.626068,0.106987,0.808,0.041312,0.717034,0.057742,0.628041,0.08587,0.799123,0.054924,0.653698,0.072246,0.203915,0.042071,40.4,2.065591,9.6,2.065591,10.0,2.748737,16.8,2.973961
64,Logistic Regression,SMOTE,1.0,0.65,450.0,0.0,450.0,0.0,1.0,0.0,0.766798,0.029714,0.721703,0.090783,0.567236,0.090873,0.567236,0.090873,0.874,0.06802,0.720618,0.031395,0.627237,0.050479,0.835214,0.050735,0.732786,0.093075,0.166914,0.026137,43.7,3.40098,6.3,3.40098,11.6,2.412928,15.2,2.394438
107,Random Forest,ADASYN,0.75,0.6,398.0,0.0,398.4,4.575296,0.885333,0.010167,0.759005,0.04153,0.690015,0.094303,0.57792,0.061889,0.57792,0.061889,0.856,0.053996,0.71696,0.042008,0.626151,0.061061,0.820533,0.04426,0.696792,0.060095,0.16507,0.021629,42.8,2.699794,7.2,2.699794,11.3,1.567021,15.5,1.779513
80,LightGBM,SMOTE,1.0,0.65,450.0,0.0,450.0,0.0,1.0,0.0,0.74595,0.054403,0.639731,0.082777,0.611254,0.10605,0.611254,0.10605,0.818,0.034577,0.714627,0.06605,0.624317,0.093467,0.812407,0.051164,0.687357,0.082045,0.196567,0.037359,40.9,1.72884,9.1,1.72884,10.4,2.75681,16.4,2.951459
104,Logistic Regression,ADASYN,0.75,0.65,398.0,0.0,398.4,4.575296,0.885333,0.010167,0.769446,0.025476,0.736652,0.084609,0.552564,0.081667,0.552564,0.081667,0.886,0.063979,0.719282,0.025265,0.62423,0.040278,0.835983,0.051824,0.736491,0.09211,0.165554,0.024235,44.3,3.198958,5.7,3.198958,12.0,2.211083,14.8,2.097618
116,XGBoost,ADASYN,0.75,0.65,398.0,0.0,398.4,4.575296,0.885333,0.010167,0.759005,0.036823,0.681361,0.066936,0.577493,0.086425,0.577493,0.086425,0.856,0.029515,0.716746,0.047344,0.623505,0.073254,0.818311,0.052183,0.68567,0.069907,0.173102,0.028573,42.8,1.47573,7.2,1.47573,11.3,2.162817,15.5,2.460804
1,Logistic Regression,Baseline,0.0,0.5,241.2,0.421637,241.2,0.421637,0.536,0.000937,0.766832,0.026665,0.726401,0.087327,0.556268,0.090785,0.556268,0.090785,0.88,0.063246,0.718134,0.030471,0.622604,0.047973,0.836724,0.05217,0.73536,0.095507,0.157347,0.022099,44.0,3.162278,6.0,3.162278,11.9,2.424413,14.9,2.330951
40,LightGBM,SMOTE,0.5,0.65,346.0,0.0,346.0,0.0,0.768889,0.0,0.752461,0.061269,0.664274,0.108149,0.588889,0.108902,0.588889,0.108902,0.84,0.052493,0.714444,0.070638,0.622381,0.101592,0.808806,0.051268,0.676108,0.080798,0.195655,0.040661,42.0,2.624669,8.0,2.624669,11.0,2.828427,15.8,3.011091
27,Random Forest,SMOTE,0.5,0.6,346.0,0.0,346.0,0.0,0.768889,0.0,0.765533,0.040412,0.715406,0.088315,0.552137,0.070886,0.552137,0.070886,0.88,0.044222,0.716068,0.044809,0.621041,0.068021,0.825527,0.051453,0.715242,0.071329,0.161411,0.024876,44.0,2.211083,6.0,2.211083,12.0,1.885618,14.8,1.932184
83,Logistic Regression,ADASYN,0.5,0.6,346.0,0.0,339.1,3.871549,0.753556,0.008603,0.764252,0.029748,0.721543,0.092519,0.55641,0.106297,0.55641,0.106297,0.876,0.067856,0.716205,0.036618,0.619102,0.055225,0.836644,0.051905,0.73568,0.094619,0.161384,0.023321,43.8,3.392803,6.2,3.392803,11.9,2.84605,14.9,2.726414
14,XGBoost,Baseline,0.0,0.55,241.2,0.421637,241.2,0.421637,0.536,0.000937,0.753794,0.043037,0.668029,0.074817,0.581339,0.10605,0.581339,0.10605,0.846,0.036576,0.71367,0.055845,0.618883,0.084865,0.823798,0.047983,0.710924,0.087691,0.166703,0.02917,42.3,1.828782,7.7,1.828782,11.2,2.740641,15.6,2.951459
86,Random Forest,ADASYN,0.5,0.55,346.0,0.0,339.1,3.871549,0.753556,0.008603,0.748633,0.035738,0.661651,0.074165,0.585897,0.068928,0.585897,0.068928,0.836,0.04971,0.710949,0.038084,0.618734,0.054775,0.824972,0.041631,0.705033,0.070679,0.163105,0.020667,41.8,2.485514,8.2,2.485514,11.1,1.852926,15.7,1.828782
99,LightGBM,ADASYN,0.5,0.6,346.0,0.0,339.1,3.871549,0.753556,0.008603,0.743353,0.054074,0.637806,0.089624,0.603561,0.110957,0.603561,0.110957,0.818,0.04158,0.710781,0.066015,0.618496,0.096989,0.799088,0.045039,0.664484,0.076415,0.201032,0.03682,40.9,2.078995,9.1,2.078995,10.6,2.836273,16.2,3.084009
95,XGBoost,ADASYN,0.5,0.6,346.0,0.0,339.1,3.871549,0.753556,0.008603,0.749949,0.04461,0.658401,0.075601,0.588889,0.110293,0.588889,0.110293,0.836,0.041952,0.712444,0.057103,0.618355,0.08277,0.816447,0.04724,0.701134,0.078283,0.174946,0.027176,41.8,2.097618,8.2,2.097618,11.0,2.867442,15.8,3.047768
44,Logistic Regression,SMOTE,0.75,0.65,398.0,0.0,398.0,0.0,0.884444,0.0,0.766832,0.027359,0.735461,0.089904,0.541311,0.087902,0.541311,0.087902,0.888,0.061246,0.714655,0.031071,0.616213,0.049169,0.836111,0.050963,0.73396,0.094273,0.162669,0.024785,44.4,3.062316,5.6,3.062316,12.3,2.359378,14.5,2.27303
100,LightGBM,ADASYN,0.5,0.65,346.0,0.0,339.1,3.871549,0.753556,0.008603,0.744703,0.053585,0.648122,0.094487,0.585043,0.103466,0.585043,0.103466,0.83,0.046428,0.707521,0.063279,0.613127,0.094127,0.799088,0.045039,0.664484,0.076415,0.201032,0.03682,41.5,2.321398,8.5,2.321398,11.1,2.643651,15.7,2.869379
23,Logistic Regression,SMOTE,0.5,0.6,346.0,0.0,346.0,0.0,0.768889,0.0,0.76162,0.027124,0.720073,0.090001,0.545014,0.085858,0.545014,0.085858,0.878,0.065625,0.711507,0.028052,0.612904,0.045185,0.837761,0.051217,0.736134,0.093407,0.159125,0.023431,43.9,3.28126,6.1,3.28126,12.2,2.299758,14.6,2.221111
127,Random Forest,ADASYN,1.0,0.6,450.0,0.0,447.1,5.665686,0.993556,0.01259,0.7473,0.044051,0.663269,0.087421,0.574501,0.09972,0.574501,0.09972,0.84,0.054975,0.707251,0.051643,0.611173,0.074622,0.818774,0.04405,0.690362,0.063619,0.166973,0.021338,42.0,2.748737,8.0,2.748737,11.4,2.674987,15.4,2.716207
76,XGBoost,SMOTE,1.0,0.65,450.0,0.0,450.0,0.0,1.0,0.0,0.749846,0.054367,0.663729,0.0976,0.569943,0.1136,0.569943,0.1136,0.846,0.043256,0.707972,0.066638,0.610812,0.098327,0.82155,0.04999,0.703808,0.06619,0.173023,0.029235,42.3,2.162817,7.7,2.162817,11.5,2.915476,15.3,3.164034
24,Logistic Regression,SMOTE,0.5,0.65,346.0,0.0,346.0,0.0,0.768889,0.0,0.7669,0.024454,0.740641,0.077535,0.526496,0.08555,0.526496,0.08555,0.896,0.047889,0.711248,0.03238,0.609367,0.049565,0.837761,0.051217,0.736134,0.093407,0.159125,0.023431,44.8,2.394438,5.2,2.394438,12.7,2.311805,14.1,2.18327
56,XGBoost,SMOTE,0.75,0.65,398.0,0.0,398.0,0.0,0.884444,0.0,0.749863,0.042597,0.666742,0.081112,0.562393,0.093106,0.562393,0.093106,0.85,0.036818,0.706197,0.052949,0.6083,0.083169,0.820721,0.051736,0.696979,0.079724,0.171718,0.029498,42.5,1.840894,7.5,1.840894,11.7,2.311805,15.1,2.643651
120,LightGBM,ADASYN,0.75,0.65,398.0,0.0,398.4,4.575296,0.885333,0.010167,0.735595,0.046861,0.627309,0.07707,0.592735,0.103489,0.592735,0.103489,0.812,0.04341,0.702368,0.057456,0.607308,0.085472,0.799123,0.054924,0.653698,0.072246,0.203915,0.042071,40.6,2.170509,9.4,2.170509,10.9,2.685351,15.9,2.84605
36,XGBoost,SMOTE,0.5,0.65,346.0,0.0,346.0,0.0,0.768889,0.0,0.752461,0.042238,0.67532,0.07914,0.554986,0.10271,0.554986,0.10271,0.858,0.034577,0.706493,0.054993,0.606647,0.086527,0.81804,0.047086,0.697839,0.07395,0.172126,0.027397,42.9,1.72884,7.1,1.72884,11.9,2.601282,14.9,2.884826
6,Random Forest,Baseline,0.0,0.55,241.2,0.421637,241.2,0.421637,0.536,0.000937,0.757741,0.048441,0.699068,0.094675,0.541168,0.100992,0.541168,0.100992,0.874,0.046236,0.707584,0.057891,0.606646,0.088681,0.828805,0.049453,0.721266,0.081637,0.159961,0.022793,43.7,2.311805,6.3,2.311805,12.3,2.710064,14.5,2.677063
96,XGBoost,ADASYN,0.5,0.65,346.0,0.0,339.1,3.871549,0.753556,0.008603,0.751282,0.040722,0.674563,0.073545,0.555556,0.094758,0.555556,0.094758,0.856,0.038644,0.705778,0.050701,0.606617,0.077401,0.816447,0.04724,0.701134,0.078283,0.174946,0.027176,42.8,1.932184,7.2,1.932184,11.9,2.469818,14.9,2.601282
2,Logistic Regression,Baseline,0.0,0.55,241.2,0.421637,241.2,0.421637,0.536,0.000937,0.764303,0.023598,0.738092,0.076678,0.519088,0.08596,0.519088,0.08596,0.896,0.047889,0.707544,0.031756,0.603239,0.048861,0.836724,0.05217,0.73536,0.095507,0.157347,0.022099,44.8,2.394438,5.2,2.394438,12.9,2.330951,13.9,2.18327
47,Random Forest,SMOTE,0.75,0.6,398.0,0.0,398.0,0.0,0.884444,0.0,0.748633,0.034129,0.674772,0.07087,0.548433,0.066727,0.548433,0.066727,0.856,0.041952,0.702217,0.038061,0.602763,0.056216,0.826724,0.047886,0.7055,0.073635,0.162149,0.0239,42.8,2.097618,7.2,2.097618,12.1,1.791957,14.7,1.828782
19,LightGBM,Baseline,0.0,0.6,241.2,0.421637,241.2,0.421637,0.536,0.000937,0.748582,0.045952,0.666875,0.081374,0.551425,0.099576,0.551425,0.099576,0.854,0.034059,0.702712,0.057469,0.601976,0.089012,0.80906,0.055706,0.6841,0.082512,0.193054,0.040672,42.7,1.702939,7.3,1.702939,12.0,2.538591,14.8,2.780887
84,Logistic Regression,ADASYN,0.5,0.65,346.0,0.0,339.1,3.871549,0.753556,0.008603,0.76432,0.023355,0.740324,0.074916,0.515385,0.085007,0.515385,0.085007,0.898,0.047563,0.706692,0.031186,0.601622,0.047889,0.836644,0.051905,0.73568,0.094619,0.161384,0.023321,44.9,2.378141,5.1,2.378141,13.0,2.309401,13.8,2.149935
15,XGBoost,Baseline,0.0,0.6,241.2,0.421637,241.2,0.421637,0.536,0.000937,0.756442,0.04647,0.699258,0.096691,0.529345,0.095062,0.529345,0.095062,0.878,0.038239,0.703672,0.056276,0.600323,0.088844,0.823798,0.047983,0.710924,0.087691,0.166703,0.02917,43.9,1.911951,6.1,1.911951,12.6,2.458545,14.2,2.616189
87,Random Forest,ADASYN,0.5,0.6,346.0,0.0,339.1,3.871549,0.753556,0.008603,0.749949,0.034483,0.687361,0.087363,0.533618,0.068231,0.533618,0.068231,0.866,0.046236,0.699809,0.037684,0.597505,0.057213,0.824972,0.041631,0.705033,0.070679,0.163105,0.020667,43.3,2.311805,6.7,2.311805,12.5,1.840894,14.3,1.828782
20,LightGBM,Baseline,0.0,0.65,241.2,0.421637,241.2,0.421637,0.536,0.000937,0.747266,0.048158,0.671263,0.086907,0.52906,0.107544,0.52906,0.107544,0.864,0.029515,0.69653,0.061654,0.589925,0.097981,0.80906,0.055706,0.6841,0.082512,0.193054,0.040672,43.2,1.47573,6.8,1.47573,12.6,2.75681,14.2,2.973961
129,MLP,ADASYN,1.0,0.5,450.0,0.0,447.1,5.665686,0.993556,0.01259,0.717344,0.04197,0.599732,0.069164,0.585613,0.083981,0.585613,0.083981,0.788,0.049171,0.686806,0.0476,0.589896,0.063736,0.767234,0.047977,0.628801,0.098958,0.259703,0.035517,39.4,2.458545,10.6,2.458545,11.1,2.233582,15.7,2.311805
3,Logistic Regression,Baseline,0.0,0.6,241.2,0.421637,241.2,0.421637,0.536,0.000937,0.764371,0.030066,0.753269,0.065767,0.489174,0.08356,0.489174,0.08356,0.912,0.034254,0.700587,0.03938,0.588949,0.062661,0.836724,0.05217,0.73536,0.095507,0.157347,0.022099,45.6,1.712698,4.4,1.712698,13.7,2.263233,13.1,2.13177
29,MLP,SMOTE,0.5,0.5,346.0,0.0,346.0,0.0,0.768889,0.0,0.713534,0.038279,0.598672,0.077907,0.578205,0.047505,0.578205,0.047505,0.786,0.059666,0.682103,0.033334,0.585603,0.043871,0.760091,0.044403,0.628121,0.110284,0.257786,0.033141,39.3,2.983287,10.7,2.983287,11.3,1.251666,15.5,1.354006
10,MLP,Baseline,0.0,0.55,241.2,0.421637,241.2,0.421637,0.536,0.000937,0.71731,0.042745,0.601592,0.074486,0.57037,0.078136,0.57037,0.078136,0.796,0.045995,0.683185,0.048125,0.58389,0.067391,0.770587,0.03622,0.646669,0.083896,0.253114,0.033088,39.8,2.299758,10.2,2.299758,11.5,2.013841,15.3,2.213594
30,MLP,SMOTE,0.5,0.55,346.0,0.0,346.0,0.0,0.768889,0.0,0.716148,0.037089,0.605951,0.07679,0.567094,0.036153,0.567094,0.036153,0.796,0.059479,0.681547,0.0301,0.583424,0.038871,0.760091,0.044403,0.628121,0.110284,0.257786,0.033141,39.8,2.973961,10.2,2.973961,11.6,0.966092,15.2,1.032796
9,MLP,Baseline,0.0,0.5,241.2,0.421637,241.2,0.421637,0.536,0.000937,0.714713,0.041076,0.596143,0.071882,0.574074,0.078234,0.574074,0.078234,0.79,0.045461,0.682037,0.046603,0.58312,0.065562,0.770587,0.03622,0.646669,0.083896,0.253114,0.033088,39.5,2.27303,10.5,2.27303,11.4,2.01108,15.4,2.221111
69,MLP,SMOTE,1.0,0.5,450.0,0.0,450.0,0.0,1.0,0.0,0.708271,0.03939,0.585415,0.062311,0.582336,0.065499,0.582336,0.065499,0.776,0.053996,0.679168,0.039699,0.581847,0.053455,0.765593,0.050367,0.629894,0.100101,0.266822,0.031276,38.8,2.699794,11.2,2.699794,11.2,1.813529,15.6,1.712698
130,MLP,ADASYN,1.0,0.55,450.0,0.0,447.1,5.665686,0.993556,0.01259,0.71473,0.038527,0.600069,0.071471,0.570655,0.073992,0.570655,0.073992,0.792,0.052662,0.681328,0.04133,0.581845,0.055528,0.767234,0.047977,0.628801,0.098958,0.259703,0.035517,39.6,2.633122,10.4,2.633122,11.5,1.95789,15.3,2.057507
89,MLP,ADASYN,0.5,0.5,346.0,0.0,339.1,3.871549,0.753556,0.008603,0.707006,0.025703,0.579062,0.036104,0.581909,0.061087,0.581909,0.061087,0.774,0.018974,0.677954,0.03297,0.579913,0.045599,0.761513,0.04159,0.62991,0.083028,0.267888,0.024082,38.7,0.948683,11.3,0.948683,11.2,1.619328,15.6,1.712698
71,MLP,SMOTE,1.0,0.6,450.0,0.0,450.0,0.0,1.0,0.0,0.708271,0.041701,0.585657,0.06518,0.574786,0.066765,0.574786,0.066765,0.78,0.04899,0.677393,0.043784,0.578662,0.058968,0.765593,0.050367,0.629894,0.100101,0.266822,0.031276,39.0,2.44949,11.0,2.44949,11.4,1.837873,15.4,1.776388
70,MLP,SMOTE,1.0,0.55,450.0,0.0,450.0,0.0,1.0,0.0,0.706955,0.04363,0.584142,0.067526,0.574786,0.066765,0.574786,0.066765,0.778,0.053707,0.676393,0.044643,0.577726,0.059514,0.765593,0.050367,0.629894,0.100101,0.266822,0.031276,38.9,2.685351,11.1,2.685351,11.4,1.837873,15.4,1.776388
68,Random Forest,SMOTE,1.0,0.65,450.0,0.0,450.0,0.0,1.0,0.0,0.744737,0.033552,0.69134,0.089092,0.496154,0.061692,0.496154,0.061692,0.878,0.042635,0.687077,0.036345,0.574936,0.058598,0.822197,0.046651,0.698472,0.074796,0.165047,0.024865,43.9,2.13177,6.1,2.13177,13.5,1.649916,13.3,1.702939
4,Logistic Regression,Baseline,0.0,0.65,241.2,0.421637,241.2,0.421637,0.536,0.000937,0.768233,0.02863,0.798633,0.082762,0.451709,0.064173,0.451709,0.064173,0.938,0.025734,0.694855,0.035297,0.574774,0.061811,0.836724,0.05217,0.73536,0.095507,0.157347,0.022099,46.9,1.286684,3.1,1.286684,14.7,1.766981,12.1,1.66333
90,MLP,ADASYN,0.5,0.55,346.0,0.0,339.1,3.871549,0.753556,0.008603,0.704426,0.022914,0.577089,0.032942,0.570798,0.050681,0.570798,0.050681,0.776,0.020656,0.673399,0.027948,0.573434,0.038648,0.761513,0.04159,0.62991,0.083028,0.267888,0.024082,38.8,1.032796,11.2,1.032796,11.5,1.354006,15.3,1.418136
108,Random Forest,ADASYN,0.75,0.65,398.0,0.0,398.4,4.575296,0.885333,0.010167,0.74472,0.02894,0.697133,0.086106,0.492593,0.057585,0.492593,0.057585,0.88,0.048074,0.686296,0.029095,0.573187,0.045616,0.820533,0.04426,0.696792,0.060095,0.16507,0.021629,44.0,2.403701,6.0,2.403701,13.6,1.577621,13.2,1.549193
31,MLP,SMOTE,0.5,0.6,346.0,0.0,346.0,0.0,0.768889,0.0,0.713517,0.042161,0.604737,0.084522,0.548291,0.049503,0.548291,0.049503,0.802,0.059963,0.675145,0.038471,0.572772,0.051855,0.760091,0.044403,0.628121,0.110284,0.257786,0.033141,40.1,2.998148,9.9,2.998148,12.1,1.286684,14.7,1.418136
131,MLP,ADASYN,1.0,0.6,450.0,0.0,447.1,5.665686,0.993556,0.01259,0.710817,0.040685,0.595296,0.074905,0.555556,0.075759,0.555556,0.075759,0.794,0.050816,0.674778,0.044487,0.57197,0.060438,0.767234,0.047977,0.628801,0.098958,0.259703,0.035517,39.7,2.540779,10.3,2.540779,11.9,1.969207,14.9,2.13177
11,MLP,Baseline,0.0,0.6,241.2,0.421637,241.2,0.421637,0.536,0.000937,0.713448,0.03956,0.597854,0.068568,0.548148,0.084869,0.548148,0.084869,0.802,0.039384,0.675074,0.047539,0.570042,0.068721,0.770587,0.03622,0.646669,0.083896,0.253114,0.033088,40.1,1.969207,9.9,1.969207,12.1,2.233582,14.7,2.359378
48,Random Forest,SMOTE,0.75,0.65,398.0,0.0,398.0,0.0,0.884444,0.0,0.74472,0.032625,0.699242,0.08569,0.481197,0.048729,0.481197,0.048729,0.886,0.04115,0.683598,0.033549,0.5681,0.052416,0.826724,0.047886,0.7055,0.073635,0.162149,0.0239,44.3,2.057507,5.7,2.057507,13.9,1.286684,12.9,1.37032
49,MLP,SMOTE,0.75,0.5,398.0,0.0,398.0,0.0,0.884444,0.0,0.695284,0.039088,0.565989,0.058741,0.570655,0.042344,0.570655,0.042344,0.762,0.052026,0.666328,0.036248,0.567206,0.044434,0.760339,0.041302,0.640543,0.088117,0.267667,0.037402,38.1,2.601282,11.9,2.601282,11.5,1.080123,15.3,1.251666
91,MLP,ADASYN,0.5,0.6,346.0,0.0,339.1,3.871549,0.753556,0.008603,0.70311,0.021203,0.576505,0.031529,0.559544,0.055852,0.559544,0.055852,0.78,0.021082,0.669772,0.027647,0.567154,0.039914,0.761513,0.04159,0.62991,0.083028,0.267888,0.024082,39.0,1.054093,11.0,1.054093,11.8,1.47573,15.0,1.563472
92,MLP,ADASYN,0.5,0.65,346.0,0.0,339.1,3.871549,0.753556,0.008603,0.704426,0.022914,0.579144,0.032626,0.55584,0.054632,0.55584,0.054632,0.784,0.018379,0.66992,0.029164,0.566715,0.041319,0.761513,0.04159,0.62991,0.083028,0.267888,0.024082,39.2,0.918937,10.8,0.918937,11.9,1.449138,14.9,1.523884
12,MLP,Baseline,0.0,0.65,241.2,0.421637,241.2,0.421637,0.536,0.000937,0.710834,0.040068,0.594347,0.070636,0.540598,0.086751,0.540598,0.086751,0.802,0.039384,0.671299,0.048501,0.5643,0.070706,0.770587,0.03622,0.646669,0.083896,0.253114,0.033088,40.1,1.969207,9.9,1.969207,12.3,2.263233,14.5,2.415229
109,MLP,ADASYN,0.75,0.5,398.0,0.0,398.4,4.575296,0.885333,0.010167,0.700478,0.044493,0.573184,0.065891,0.555698,0.070341,0.555698,0.070341,0.778,0.037059,0.666849,0.049667,0.563864,0.065544,0.753456,0.053982,0.611296,0.103415,0.270353,0.036557,38.9,1.852926,11.1,1.852926,11.9,1.852926,14.9,1.969207
32,MLP,SMOTE,0.5,0.65,346.0,0.0,346.0,0.0,0.768889,0.0,0.713517,0.043451,0.605837,0.084649,0.52963,0.064859,0.52963,0.064859,0.812,0.050947,0.670815,0.044916,0.563397,0.064189,0.760091,0.044403,0.628121,0.110284,0.257786,0.033141,40.6,2.54733,9.4,2.54733,12.6,1.712698,14.2,1.813529
110,MLP,ADASYN,0.75,0.55,398.0,0.0,398.4,4.575296,0.885333,0.010167,0.701777,0.042119,0.575506,0.06241,0.551994,0.071318,0.551994,0.071318,0.782,0.033267,0.666997,0.048115,0.56303,0.064316,0.753456,0.053982,0.611296,0.103415,0.270353,0.036557,39.1,1.66333,10.9,1.66333,12.0,1.885618,14.8,1.988858
52,MLP,SMOTE,0.75,0.65,398.0,0.0,398.0,0.0,0.884444,0.0,0.701794,0.043317,0.581933,0.070288,0.548291,0.046322,0.548291,0.046322,0.784,0.059479,0.666145,0.039543,0.562919,0.049448,0.760339,0.041302,0.640543,0.088117,0.267667,0.037402,39.2,2.973961,10.8,2.973961,12.1,1.197219,14.7,1.337494
51,MLP,SMOTE,0.75,0.6,398.0,0.0,398.0,0.0,0.884444,0.0,0.699197,0.040582,0.576995,0.065752,0.551994,0.04163,0.551994,0.04163,0.778,0.059217,0.664997,0.035609,0.562422,0.043426,0.760339,0.041302,0.640543,0.088117,0.267667,0.037402,38.9,2.960856,11.1,2.960856,12.0,1.054093,14.8,1.229273
50,MLP,SMOTE,0.75,0.55,398.0,0.0,398.0,0.0,0.884444,0.0,0.693968,0.043352,0.566812,0.06967,0.559402,0.037761,0.559402,0.037761,0.766,0.058157,0.662701,0.039008,0.561779,0.047643,0.760339,0.041302,0.640543,0.088117,0.267667,0.037402,38.3,2.907844,11.7,2.907844,11.8,0.918937,15.0,1.154701
132,MLP,ADASYN,1.0,0.65,450.0,0.0,447.1,5.665686,0.993556,0.01259,0.706938,0.045817,0.592537,0.087583,0.537037,0.082038,0.537037,0.082038,0.798,0.053707,0.667519,0.050065,0.56037,0.068666,0.767234,0.047977,0.628801,0.098958,0.259703,0.035517,39.9,2.685351,10.1,2.685351,12.4,2.170509,14.4,2.270585
72,MLP,SMOTE,1.0,0.65,450.0,0.0,450.0,0.0,1.0,0.0,0.70176,0.047772,0.578295,0.07398,0.544729,0.071699,0.544729,0.071699,0.786,0.045265,0.665365,0.051771,0.560151,0.069919,0.765593,0.050367,0.629894,0.100101,0.266822,0.031276,39.3,2.263233,10.7,2.263233,12.2,1.932184,14.6,1.95505
111,MLP,ADASYN,0.75,0.6,398.0,0.0,398.4,4.575296,0.885333,0.010167,0.70176,0.043605,0.575839,0.06523,0.544444,0.079777,0.544444,0.079777,0.786,0.03134,0.665222,0.051379,0.559147,0.070346,0.753456,0.053982,0.611296,0.103415,0.270353,0.036557,39.3,1.567021,10.7,1.567021,12.2,2.097618,14.6,2.221111
16,XGBoost,Baseline,0.0,0.65,241.2,0.421637,241.2,0.421637,0.536,0.000937,0.742105,0.043883,0.695619,0.110508,0.469658,0.075724,0.469658,0.075724,0.888,0.042374,0.678829,0.049603,0.558712,0.080651,0.823798,0.047983,0.710924,0.087691,0.166703,0.02917,44.4,2.1187,5.6,2.1187,14.2,1.932184,12.6,2.1187
128,Random Forest,ADASYN,1.0,0.65,450.0,0.0,447.1,5.665686,0.993556,0.01259,0.731716,0.031279,0.666746,0.085825,0.485185,0.065974,0.485185,0.065974,0.864,0.053996,0.674593,0.031296,0.557018,0.047869,0.818774,0.04405,0.690362,0.063619,0.166973,0.021338,43.2,2.699794,6.8,2.699794,13.8,1.813529,13.0,1.763834
88,Random Forest,ADASYN,0.5,0.65,346.0,0.0,339.1,3.871549,0.753556,0.008603,0.744754,0.027244,0.71446,0.081725,0.455128,0.064183,0.455128,0.064183,0.9,0.035277,0.677564,0.032521,0.55303,0.054993,0.824972,0.041631,0.705033,0.070679,0.163105,0.020667,45.0,1.763834,5.0,1.763834,14.6,1.712698,12.2,1.75119
112,MLP,ADASYN,0.75,0.65,398.0,0.0,398.4,4.575296,0.885333,0.010167,0.699129,0.046752,0.573106,0.072223,0.529345,0.087329,0.529345,0.087329,0.79,0.032998,0.659672,0.055606,0.549692,0.077713,0.753456,0.053982,0.611296,0.103415,0.270353,0.036557,39.5,1.649916,10.5,1.649916,12.6,2.270585,14.2,2.440401
7,Random Forest,Baseline,0.0,0.6,241.2,0.421637,241.2,0.421637,0.536,0.000937,0.739508,0.047605,0.697903,0.119854,0.459259,0.102782,0.459259,0.102782,0.89,0.053541,0.67463,0.056142,0.548129,0.096557,0.828805,0.049453,0.721266,0.081637,0.159961,0.022793,44.5,2.677063,5.5,2.677063,14.5,2.798809,12.3,2.710064
28,Random Forest,SMOTE,0.5,0.65,346.0,0.0,346.0,0.0,0.768889,0.0,0.739525,0.039713,0.700273,0.104424,0.455413,0.08862,0.455413,0.08862,0.892,0.048259,0.673707,0.046771,0.546809,0.081307,0.825527,0.051453,0.715242,0.071329,0.161411,0.024876,44.6,2.412928,5.4,2.412928,14.6,2.412928,12.2,2.347576
8,Random Forest,Baseline,0.0,0.65,241.2,0.421637,241.2,0.421637,0.536,0.000937,0.736962,0.03728,0.732511,0.099267,0.384473,0.118199,0.384473,0.118199,0.926,0.036576,0.655236,0.053618,0.495055,0.125673,0.828805,0.049453,0.721266,0.081637,0.159961,0.022793,46.3,1.828782,3.7,1.828782,16.5,3.205897,10.3,3.164034
